"project_old_id","tile_server_name"
-N8igsKHJxQziiUnN8-x,"""bing"""
-NACGytKGvL_lZb5Y5Vo,"""bing"""
-N8illg-5RggvG2iFRbp,"""bing"""
-MUhl9FH35FmgZtno3WF,"""maxar_premium"""
-NI88tnKIzbmAPHZq_VM,"""esri"""
"1",""
"3",""
-MBtbcXzEz19NLhlFZ3R,"""maxar_premium"""
-M5NTCrvT7zYM-aIttip,"""maxar_premium"""
-MHbPmQGcY92lbKQv-vu,"""custom"""
-MHbQBaG4jpHtkVx6KKW,"""custom"""
-MHaMcKwjEOEjqhGsaUu,"""custom"""
-MHbQerlz6wPP1ETxGrx,"""custom"""
-NgEgGhjiQukm39HPJ1-,"""esri"""
-OAyqDrl4L7PZNWIB320,"""bing"""
-MIYSrmUZf_K-6jsPeZA,"""maxar_premium"""
-Myh-TB94kKFf2eIuifR,"""maxar_premium"""
-NKm31yWXu1CAgS9vzVH,"""maxar_premium"""
-NJiwrYyh0arINHACXzo,"""maxar_premium"""
-Nq7_LtaPIdjz2eSVO57,"""bing"""
-Myh-KAOftrBitU6a0qp,"""maxar_premium"""
-NgOmbe5tQAzEUGDUrOm,"""esri"""
-OBR_lLNUfN6Y3IyvW27,"""esri"""
-NJix7xXw_R6S7I0T_It,"""maxar_premium"""
-ON_t1ETBDR2H4nqVxiA,"""esri"""
-Nq7bETpL8jY9W-BWawA,"""bing"""
-OAw1RuoVpok15XyPBk3,"""bing"""
-MygX6WCA0dqZNmS40i8,"""maxar_premium"""
-NJixPGKK7mOhqebEg7e,"""maxar_premium"""
-NgU5zle3QwMfG48tSoJ,"""bing"""
-OIRKc74fnPI0sjcIe6a,"""bing"""
-MygXB1CpVGK67BnE8Ma,"""maxar_premium"""
-MygXL-5LqeNtQSBrN4X,"""maxar_premium"""
-OK2w_pqMoz3o-AJvRGS,"""bing"""
-NL_KxfAWiIxKRtyBWjh,"""custom"""
-NJixbZDD3FZ64GAbsgw,"""maxar_premium"""
-MywFfIWMzK6MYhHIuxM,"""maxar_premium"""
-Nq7cGntiFGQr_fwhq20,"""bing"""
-MywFivvw-0EmqGwKqTM,"""maxar_premium"""
-Myh-PUriJ7QMYXhfJH-,"""maxar_premium"""
-OVDxNfUaGzf2f-UjfIA,"""esri"""
-NBOhCDaQSPYPMeVfA10,"""bing"""
-NJixqCXsuKxJazCso0v,"""maxar_premium"""
-NgU6nKSJyROksXB4R3_,"""bing"""
-Nq7crIGvBFpNJmtCShA,"""bing"""
-OVK8XdowdD9wjrb6d2C,"""esri"""
-NgU5RiDQn7zj32oCH-z,"""bing"""
-NqA-fS3S1YfvW-qqlG2,"""esri"""
-NHyP8dnPkihab6SG_DI,"""maxar_premium"""
-MmK2FNGZpmTj5RGqie9,"""maxar_standard"""
-OT7Bpx7MEz33411CK8z,"""esri"""
-NgU6J4zkZ4-lzRuZLml,"""bing"""
-OVK8wkgskW20e8lBz_N,"""esri"""
-MZ3drBQ6Dh7rheLrHY-,"""maxar_premium"""
-MyHuIPUp1dUGxL624Iw,"""bing"""
-MmK2ZKuXojNYgIbdqau,"""maxar_standard"""
"1333",""
-O0E6lcYlMjZAIvtqzx4,"""esri"""
-MmK2mJ_wIKqUdBxFhpv,"""maxar_standard"""
-NqRxOevNxPRzo5fH104,"""bing"""
-ODugpW7UMCGNvGPvfr8,"""bing"""
-Nh15bno45dlm0TSi1yB,"""bing"""
-MT-tEw1IA4ZjFnwA-NJ,"""maxar_premium"""
-MmK4-jAR_LN28lLN4uN,"""maxar_standard"""
-Nq3X_Q8FUuQ2he394e7,"""bing"""
-O9zHydvBZdJku91-nyk,"""esri"""
-OYBv_GfSwLeRsgrso-Q,"""bing"""
-NhW1nI3g87_HSWovQoB,"""bing"""
-OBBphrBi4eEmPDeGx7n,"""bing"""
-OBBnZKgE1sXm8XqUfYH,"""bing"""
-OISQddgAEKZlqr9qHfa,"""bing"""
-O8GuWrDcRPHwvX5R-Zh,"""bing"""
-OT7FVa84EohiN-EixtC,"""esri"""
-OBkVCO5wR-8AlJqQpf1,"""esri"""
"8",""
-MT0P7kRx2HTsAnU43wb,"""maxar_standard"""
"7260",""
-M4tXyVC9U5Z5EPVCGck,"""maxar_premium"""
-O0P6gkUe2t8GGSluwm2,"""bing"""
-OC95NZS-n00RTqjvZdk,"""bing"""
-ONonjrn7D1TKBEBtrXQ,"""bing"""
-MY6X5HbFf7clInv_mKO,"""maxar_premium"""
-OAwD87IC9YcdMXn1KwL,"""bing"""
-NEaUrmVMI4RBJUEriGf,"""bing"""
-MywleaDGEAyoRXRSiqb,"""maxar_premium"""
-MzEs7WwVCn_CgWUkmCw,"""maxar_premium"""
-O0PDKgbCqu6My6wDN4p,"""esri"""
-OBpWxHxD6mAI-_DzFat,"""bing"""
-OOOFCXAnZ4kuaw5rGvF,"""bing"""
-N8YsvmBbM_zW8MtpLtl,"""bing"""
-N85ebXRkppVxYnyiNG4,"""bing"""
-N85ejHXUluH9MyGwdYM,"""bing"""
-N85eoh_GpVgDOUl6Q_K,"""bing"""
-Nr-vaNUoLTHWP95Hf0p,"""bing"""
-MT_eBxYGa-wWyjXHce3,"""maxar_premium"""
-N85euoMLVpXRo3cYJmk,"""bing"""
-N85f0E8e3u56O40Yb1z,"""bing"""
-MzEsIiNHWKm9UcMgVph,"""maxar_premium"""
-N85f5h7IVsaXHBX3T7P,"""bing"""
-N85fBaT4cZYiaB9DI2N,"""bing"""
-Nr-w0_f02ssI51uOICa,"""bing"""
-N8YsKZl4VHzhYXDnES_,"""bing"""
-N8YsFnZ0othnFoInsuk,"""bing"""
-N8YsOpo1sHbWztzPfb0,"""bing"""
-O0PDpZwqnaBR7wzc7S-,"""esri"""
-Nrf05Ah0MYRBe_ziOcQ,"""bing"""
-N8YsVBGEmrs7-1ltQ6M,"""bing"""
-NHyQuTWOj646gQ58NKj,"""maxar_premium"""
-MzEsl11VUhVoAS68UpD,"""maxar_premium"""
-MYHSfQm-VBp16R_Zozm,"""maxar_premium"""
-N8YsZE2MHxvSto81o02,"""bing"""
-N8YshDYqC3OTdHc0GSf,"""bing"""
-N85eKgjIrZevaBPCUVn,"""bing"""
-N8YskncKOhFk8dix-0R,"""bing"""
-Nrf3mpx5gOE51O0ApRO,"""bing"""
-NBOgZSGcuECEDSpKgnz,"""bing"""
-NBOhmWgEO8zhdKt6cNi,"""bing"""
-NrfBrMXUadF5ThY0NWe,"""bing"""
-NBOheVRXDK2CW5xudNm,"""bing"""
-N8-zsKq7caBXgMcXPRG,"""bing"""
-O0PRq2fD8IdlJyF6pr1,"""esri"""
-NrfAZ2EKPF_alB6JCUK,"""bing"""
"6930",""
-NI88bewe1ctm9363wCL,"""esri"""
-NBOgh9YqLtNu65z5yD1,"""bing"""
-NBOh0mZWWn7zDn5i9Tq,"""bing"""
-OBpU3ucWFe-GVJT16JJ,"""bing"""
-O0SX6QjjrK46CNRrffB,"""bing"""
-NfQVBLgD4csD1H37DRF,"""bing"""
-NMdK_U-FHiBRryhpCjG,"""maxar_premium"""
-Nh2LmTgYn_Af-UxJyD7,"""bing"""
-NN1r8pIeynQBL8K9N79,"""maxar_premium"""
-O0S_ihCP2hG-cF9-RLH,"""bing"""
-OEENmoQ0Sb6e19--KgX,"""bing"""
-ORzVN6mAEC1qASukszv,"""bing"""
-OT7D8_9OKrpiVnRMpHI,"""esri"""
-Nr1B-YGtcyPBV31JWoX,"""bing"""
-MzEt5YyBoiZf_HSLAqc,"""maxar_premium"""
-MY6ZJvj8SRJYNqqtNN8,"""maxar_premium"""
-NN5wZTN8vdCZ8RaEO4W,"""maxar_premium"""
"7108",""
-NhbfISzxa2V8cpZSRap,"""bing"""
-M4tWxqtcvua6vqzCULU,"""maxar_premium"""
-M56eeMCZ5VeOHjJN4Bx,"""maxar_premium"""
"9975",""
-ORyt291opdxzVT-FrvJ,"""bing"""
-Nhg8fk6P9hBSGTRZxmk,"""bing"""
"124",""
-OEETQJMtCjgug7piG9Y,"""bing"""
-M-UhFiQ0EFObL_i35lK,"""bing"""
-NhgDZPJmxn5gV6GlK2V,"""bing"""
-OBzo-ExYnQMHj543ucv,"""bing"""
-OEETrpN7ri1K0N4ZOOi,"""bing"""
-OT7Egtszq9y411QicdZ,"""esri"""
-LwnWvI6LKcF1sR4eIZ9,"""bing"""
-NfQW0nX6Ui5nUWFJAsi,"""bing"""
-OEEXW8C0wbo8wXIevc5,"""bing"""
"922",""
-Nig6i78cIFWDZHb95He,"""bing"""
-O0TR2sBTMZbAUi032Gn,"""bing"""
-OEEbmMQUdkiDUwMcuHt,"""bing"""
-MIYBjf2959015NEWSd5,"""maxar_premium"""
-O0TJoq3y82axc49HxXc,"""bing"""
"10",""
-Nig7SPafba7TU-pOQ-c,"""bing"""
-O0TKwKU7tjmirpFfKvd,"""bing"""
-OBzxV5N5CTy176ffgqj,"""bing"""
-OT7FtMOvkK5VPdV0zCg,"""esri"""
-MfYllLspgQZeH-gbdEr,"""maxar_premium"""
-O0iWH9tFVt1dZEOl0g5,"""bing"""
-NioowEU_0ZJ4Zq6F6Th,"""bing"""
-OEEdLXQ_hnumaObxljL,"""bing"""
-OT7G8T7bkaA0tePQrXW,"""esri"""
"6498",""
-OYC7s9qa93TcVCHOmYe,"""bing"""
-NiopNkYtYcWMxMPCiqV,"""bing"""
-O0iWgEbRBEdQybCg08r,"""bing"""
-NrGcD1rG2gJ3ceAm6r3,"""bing"""
-NN2XRM_QCDmdCQYRRfm,"""maxar_premium"""
-NjD5njYcAhgrX60XX3F,"""bing"""
-O0PDWdwYyjXHIX9PUTj,"""esri"""
-OKRlWolVtN8_v-Az_6u,"""bing"""
-ORyq0j0LsOeq3i1z2-i,"""bing"""
"565",""
-Mfgw_Pq0LeEhNrF2NGr,"""custom"""
-MfYm6EFfMKW_M21ok7B,"""maxar_premium"""
-MywjRynfStzvfZEXdMb,"""maxar_premium"""
-NjD6PtOk-MYEJfsBmYq,"""bing"""
-OKW0Eykbqazv-Z8VQnY,"""bing"""
-OKRmN3_Iuj5k4Fxpi0F,"""bing"""
-ORzTvJt5zLuU82EQtki,"""bing"""
"13528",""
-NqSzpXD4pQ289ZoXsgq,"""esri"""
-MYHT0UBZMlp7J9imVVw,"""maxar_premium"""
-OKRoPuMBSd2s7LXcYWR,"""bing"""
-NQ5cwxFVm2NYczYdir_,"""maxar_premium"""
"7280",""
-NjM_ZnZ3ze5CsIFfPT4,"""bing"""
-MzyOngUT7wLolh_PaiA,"""maxar_premium"""
-NjN0NhMVdsAS1b8vWmD,"""bing"""
-O0ttXvGq4wfEYj44oq8,"""bing"""
-OX3E-zdlePJUfQd3q4i,"""bing"""
-NjN0apH-UqHbDYqZbFC,"""bing"""
-OKVtiESclXAs5T3iRhr,"""bing"""
-O0zGGKmBt9-vlrgTtjm,"""esri"""
-ORzR8a4lbxaMcAnBMlO,"""bing"""
-OKW-HHYw4POYochA-Pj,"""bing"""
-NOEqYuYDj6qeoWo-_IW,"""maxar_premium"""
-OX3F6aWPFbD1wAYL2re,"""bing"""
-NOJYMJyWFMwZtxqW0Ms,"""maxar_premium"""
-NjN1CAZHm4FsnRJyQm3,"""bing"""
-OKVuJSE5Rd6zUIgogPk,"""bing"""
-OT2E7QLJ1pcLaSCJoMp,"""esri"""
-OX3FbpsB7GzlJnk_mSJ,"""bing"""
-NOJYdqpKhzjEmIecKFb,"""maxar_premium"""
-NQy_-Mvz6bDX0IV_3_g,"""maxar_premium"""
-NjN1Lky5kxcV-f-WMNt,"""bing"""
-OEOoy69qHuN8VD4TnDX,"""bing"""
-OKVuskls8UG14x7ZdLJ,"""bing"""
-OX75ceHzJD1XI8PvJt2,"""esri"""
"2293",""
-MzEtlx1bAiQj5KgDNIi,"""maxar_premium"""
-NjN1YbQSTLh36WbRjNs,"""bing"""
-NOJYrNi2U7PXCI1ht58,"""maxar_premium"""
-OEOtBUoUmr_ZFrV0-L5,"""bing"""
-OKVwr6o1v30oqa4tvKN,"""bing"""
-OTBS0MLLg2EL8qQEbgq,"""bing"""
-NOJZ4pRiI9FjKxvHdKc,"""maxar_premium"""
-OEPVQnc1SuNBeE2Hj8q,"""esri"""
-O0zHIAD8f3ekcG8lN4b,"""esri"""
-OKfhJDKc2k9fbMdT0x5,"""bing"""
-OZBTMNRIJqXCGg6Y8Ui,"""esri"""
-OTBS9pNFYZXRj_qwqXC,"""bing"""
-OYeJy72AhFPAxDsQu4X,"""esri"""
-OVDw_dex3sumc-Q7yPw,"""esri"""
-NOKFgUwMbcXcjwoMkeg,"""maxar_premium"""
-OC03TTFvWHdl-aKivNQ,"""esri"""
-OQImIeE7YsifwKZiMUO,"""esri"""
-OZBTiCpFkjKiCDuIJEJ,"""esri"""
-OTBSJOZ6jcGGUakNSVO,"""bing"""
-NNaLodaoRpraxgtZDrf,"""maxar_premium"""
"2644",""
-NkVIHRaa4h4gYl4dbIe,"""bing"""
-NOigUUKbWDPoJQaErIv,"""maxar_premium"""
-OASfmHx_GgWw0jIEzGw,"""esri"""
-NenEnezzP8qUVPcUWvT,"""bing"""
-NPHgTdLClYuNEjE50p_,"""maxar_premium"""
-MYpJG7TghLcLd7cI86j,"""bing"""
-NfQYNEiscbwMg-eCUt1,"""bing"""
-NQz31GpqyXhWN3AB4KL,"""maxar_premium"""
"7281",""
"13530",""
-OZBUtaKvkSyYlseXsk5,"""esri"""
-OCy_dU4l62Uxh1VZdjw,"""bing"""
-NQz3e_OZzUvi22pL0Ul,"""maxar_premium"""
"6175",""
-OKVzPJv6dyGERDi8YOc,"""bing"""
-NjM_LlYw51P33WHha4N,"""bing"""
-NQz7OVgLvhjFUqhel9Q,"""maxar_premium"""
-M_7SSZ27GsuMmw39xdw,"""maxar_premium"""
"7049",""
"13617",""
-MxA1hUr7UoyEwBy3dfk,"""maxar_premium"""
-NP2vQ_TmQGtydTonrSF,"""maxar_premium"""
-NlxFqaDp-zrxghzXBLL,"""bing"""
-NkVGf-P38p9VMT7UNnI,"""bing"""
-OAwRpntKMRHqMgdIkUl,"""bing"""
-NlxGwgpK_WpD5wK1FZj,"""bing"""
-OKfhlXj06PAQ_blpX-z,"""bing"""
"1440",""
-MxZ2d6o75GY2u0RAqD9,"""maxar_premium"""
"6918",""
-OC8WP5rmORYm_FaVRK4,"""bing"""
-Nm393DeQWdFXiVmnNAP,"""bing"""
-OZFZLTFO0vV59U_jgld,"""bing"""
"9172",""
-OQOq21tXDnBNYPuU78p,"""esri"""
-NP2pRdQfThclgBMYkOh,"""maxar_premium"""
-OZILgCkCvvZkMk5hqzY,"""bing"""
-OEPVjNasf3fTYJ2_mnX,"""esri"""
-NQyZgP7sOcuaRnW7K1Q,"""maxar_premium"""
"7738",""
-OCy_rJ49G07Q0JSVMzo,"""bing"""
-NRDMtAvGjWyt5R3XOzy,"""maxar_premium"""
-NmHieYg3kxzr7ZMAhf5,"""esri"""
-NrewNs8aZX-QMWUvGUd,"""bing"""
-OZIMJbqD6xFE6CinR9r,"""bing"""
-NnAqAhxYxV9dYFGyggU,"""bing"""
-NP3InpSnSwQbwRHEPA2,"""bing"""
"8210",""
-NrexhOoXhvWaix4Jz4g,"""bing"""
-OEJrs09tcmfWeGirG-Q,"""esri"""
-NRDVTKhaP4SHj1nLvfr,"""maxar_premium"""
-NnEHjSV14dfqawdDaw3,"""bing"""
-NreyPBkot4L_frb5nGq,"""bing"""
-OZIMdiAGYiFC50_MQJW,"""bing"""
-NQy_B65mv3gQ3GZdwRO,"""maxar_premium"""
-OZIN2i9ddH7P1FIdgXy,"""bing"""
-NnK0KjpZwJF46-hOuZk,"""bing"""
-NreyouD7ZtN6lKTtNSE,"""bing"""
-MY9n2pMximk6o7DvjG9,"""maxar_premium"""
-NP3E5KpeU9Kwrk5CqDh,"""bing"""
-OZIOFspZd0lWoZRJxvK,"""bing"""
-NnK3NPAoHIsthJNYfSR,"""bing"""
-Nrf1C8EgkMFSRxvwIc9,"""bing"""
-NRcO2moSLeBHxXHWXu5,"""maxar_premium"""
-Mpw4UrBqC1QO3RvgM5o,"""maxar_premium"""
-OYC9a1jmgrNnmcBbN0Z,"""bing"""
-O8kry1wOk6Ti_rEZt9a,"""bing"""
-NRcOVXyCbB6kQSc5Ewa,"""maxar_premium"""
-Nrf1hoMK8CdSjt3_PNy,"""bing"""
-OKfiCI0nYua3VtqRSBw,"""bing"""
-NP3ZKsfTPfVxFO4R5G1,"""bing"""
"13629",""
-Nrf2KIwLlMMyvlEV2Si,"""bing"""
-OZIOf0Ur7dN1JsQw67Q,"""bing"""
-O0JWy4C79p3JfqsbFLw,"""esri"""
-NPHbkZEl_y-q_rffd6x,"""maxar_premium"""
-NndE9eqs7WVltrp3np9,"""bing"""
-Nrf4Mj662IzubxS-5ti,"""bing"""
-O1LqJHf7b4OLnTwuO9i,"""bing"""
-OCyWZGEf1hEmU2EwMql,"""bing"""
-NBOhWiPjCMVdp0TZDHe,"""bing"""
-NndETl2vm1c54JXgfmL,"""bing"""
-Nrf5f_pWleya21HhJZh,"""bing"""
"5870",""
-OLmokMJadqgerJiSQjA,"""bing"""
-NndEs8ox_0JH9p17EnV,"""bing"""
-N8Ysr_JugNynvzaaJWm,"""bing"""
-Nrf65-V7JJ_VrIwScRS,"""bing"""
"13527",""
-OLmp7t0dHfd0Lsgmzdx,"""bing"""
-OLmpULAo1RDIt3eC2-c,"""bing"""
"13633",""
"13643",""
"303",""
-NndF9tXI69jRVV4OPNt,"""bing"""
-OAwKq4d1SYtiG_ppocC,"""bing"""
-NPJ_7HOjBJVRYu1Smhd,"""bing"""
"13589",""
-M5XeCb9ejSO6_vOZiox,"""maxar_premium"""
-OZIP7PczxCmfmgiPKzm,"""bing"""
-OQiTrFI6pNzWMyShgQK,""
-OIRSVrxACgt2s0DFhFC,"""bing"""
-M5XenyiKPQvpA145fjo,"""maxar_premium"""
-OZ9qDzWg8tdgvpaO2Va,"""esri"""
-NPLoMfevcxe8qnAs3yk,"""bing"""
-Mygzz82aS72tRNH4hF2,"""maxar_premium"""
-OIRUW2TNsWKaufhYlxp,"""bing"""
-NPMZO6be7VU4xVrDYdx,"""maxar_premium"""
-OZBH10qeTr5KLyJdTne,"""esri"""
-Myh-1a1_ty2h8dMoGsN,"""maxar_premium"""
-OZIPQbgeUkyofyuKnsJ,"""bing"""
-NC5GbBORwBZhsjLt-j5,"""bing"""
-NrfAsYdQt9trjpwcV2k,"""bing"""
-O1LtWiExvFyPUTEPxWb,"""bing"""
-MqP81Qb8hQLDdhtva5a,"""maxar_premium"""
-ORXmUGepWpLhHjNicKs,"""esri"""
-OZjz9Sg_pH1jIBJA1f7,"""esri"""
-MqP8DmsUYkuib_6kHQl,"""maxar_premium"""
-Myh-aS_4Mm0HlUtUoRh,"""maxar_premium"""
-NrfB7xD0gkhEDrEQWlz,"""bing"""
-Myh-eP9Vx2F_1kTF8if,"""maxar_premium"""
-OOXyTrH4J3aHwkdels3,"""bing"""
-OC3Pk3HOPzU8Q6ws1t4,"""esri"""
-OZIQAzC6xqMtI6-gSlI,"""bing"""
-OZk1JlUgOsjEqUI_Exo,"""bing"""
-NRgulzdGCzqa8gLY1Ay,"""maxar_premium"""
-NV-M1Ij1uW7fv3qgSib,"""maxar_premium"""
-NrfBOREIS913pbJFOUv,"""bing"""
-O1LxSbobZfBRLlJrpoq,"""bing"""
-Myh-uAC60psrtQTvJyj,"""maxar_premium"""
-OC3w5NMCf-WaOCyr1PA,"""esri"""
-OKW10vLKuolrcj2cS9F,"""bing"""
-NRcQX4nRsf8ff6rwSc9,"""maxar_premium"""
-OZIQne6a6FfoMS4Xj6Z,"""bing"""
-NRhJUBXGqszs5fT9XDy,"""custom"""
-NrfBckcFz0daxRuqYJg,"""bing"""
-OC3zl1Vu0iSwcxV5_Sk,"""bing"""
-OZIS4yQQKMd3w7gWH2I,"""bing"""
-OYCD1fiubz7NShaYtQL,"""bing"""
-NC5JLsuWA0V6nbNfbRo,"""bing"""
-NSuRdQTIAPJx8J1XaDt,"""maxar_premium"""
-MIYOc-MFZgH4vDa6gad,"""maxar_premium"""
-Myh2eMq-_ZdFqvqJpu_,"""maxar_premium"""
-OZISPVnyInFpLRd58o6,"""bing"""
-NndSXDakX09sKOgvaQz,"""bing"""
-OGZOf2w_q7LQuQFmAF7,"""bing"""
-NRgoErIm7qu6KFZcaua,"""maxar_premium"""
-NreuVSTL24rVTZ78TOd,"""bing"""
-NndSnc_aRFee1hBubM_,"""bing"""
-Myh2u9Bcv8BtRW5nLqz,"""maxar_premium"""
-NrevRtY7aGaITAWkZva,"""bing"""
-NRcQzYCrc5nAd_6J6jj,"""maxar_premium"""
-OC8cpTmjftATmZT9Fmg,"""bing"""
-NndT23vZNXmBAMUSdb4,"""bing"""
-M4tW701BFriHkNRWWlT,"""maxar_premium"""
-MygX2gAgwYSOEFwAI61,"""maxar_premium"""
-NndTDGjBb3u9LsANtZS,"""bing"""
-Myh3TnECTZImPne1gTB,"""maxar_premium"""
-O1M-x4cxSXg2DctTMjV,"""bing"""
-NrfTkP-dSCE7bnIGtBQ,"""bing"""
-OEEMdsJW56bM6GNLgSd,"""bing"""
-ORT-MR09fdFnYKoWtid,"""bing"""
-Myh3XU5Qywt0UCqXtvT,"""maxar_premium"""
-NrfUUWcHrh_zMmnMT7M,"""bing"""
-NVEEKvS8y_9hzv8h8EI,"""maxar_premium"""
-OC2e3Dar1Q-dqFIYs5k,"""esri"""
-NnhkWQXtplawxLLmODN,"""bing"""
"13623",""
-OC8VciY6NjW6ykBs_kb,"""bing"""
-NV-HkUl14RwlJCc-g7b,"""maxar_premium"""
-Nrj25XlEeYpWkOZrpas,"""bing"""
-O1Oc7_QW5vN14RuzeCj,"""bing"""
-NTDhgdm43B1nu4dT9Jd,"""maxar_premium"""
-Nrj3sviVZ7uMGnJEMWe,"""bing"""
-NolEvVBbjfpLl8Rv2Tc,"""bing"""
-O1RkCrXIt9l4i_EqDJt,"""bing"""
-NTEJZyI3qDUm27Dinx0,"""custom"""
-Nrj4bl_Gpv9_VgyDQKE,"""bing"""
-NolFL9di5SNdHVZ1F_b,"""bing"""
-NRcRJRbuENca4b4PwQe,"""maxar_premium"""
-MZ9djydpTl-Be4EQsuW,"""maxar_premium"""
-NTDjELAWPxhsR6RSAzy,"""maxar_premium"""
-OC8ZN386UyJGZBTELkM,"""bing"""
-NolFhiopZCOtXGvPgnp,"""bing"""
-NTFB0sAhtt2fIrGbDzg,"""maxar_premium"""
-NC5K2TtmuyFBUTdHgJt,"""bing"""
-O0PDfF1Ry6oCEAYs1Gf,"""esri"""
-OT76-LdQWp6-Nc3EyZL,"""esri"""
-NTFDRtzVDcXEEnIkAMB,"""maxar_premium"""
"13619",""
-NC5NFaMbcQ0untp7opY,"""bing"""
-O1aBjgB4G-8RDGc4nlj,"""bing"""
-Nrj50Fn5ltMywvr_4F3,"""bing"""
-NVEDfun8hVIrd4TSv5P,"""maxar_premium"""
-MXDNJnD84ZTueGffCOW,"""maxar_premium"""
-MYohcltAytQp3Ny7ykY,"""maxar_premium"""
-MYoh7Xg7Sz05ZUP2CQE,"""bing"""
-MYohR5bcc_8A1ajTWbb,"""maxar_premium"""
-NTFJmM0WWqzqB0FFibv,"""maxar_premium"""
"10977",""
"2809",""
-NTFK8eqMy3jXtek8092,"""maxar_premium"""
-NVa9knjZ-Eu_JMFI2wV,"""bing"""
-MX2x_ciQ1n9esgEyf5G,"""maxar_premium"""
-NTFETv-iN57Eesc23kB,"""maxar_premium"""
-MxZ5PuC9mJWkJ6G3Arq,"""maxar_premium"""
-NVi_MinSUcIt3wmgeRw,"""maxar_premium"""
-NTFKKZbdGMOdmslqYRO,"""maxar_premium"""
-OX8pISGbIX8h_0URtRf,"""custom"""
-MYHSHCbbQY24DpiSHEF,"""maxar_premium"""
-MYP2JZHnd3E2-UySCUR,"""maxar_premium"""
-NTIjzE4Nj62MHEPVq5L,"""maxar_premium"""
-NWH5EStr0-bG3vwx0DB,"""maxar_premium"""
-OKfe9nIqKgwqkmu8-7U,"""bing"""
-NTIkebMlIlLY-vtO3aK,"""maxar_premium"""
-OC8zNzEQq9ZqoOILO1G,"""bing"""
"4103",""
"7124",""
-NC_gnenArUNQc5batm-,"""bing"""
-Nrj69jsoYLVTfNl4mgq,"""bing"""
-NTImPbJ2bKnTCFms2DY,"""maxar_premium"""
-NpswTHOeq-PVZJgxY1R,"""bing"""
-Nrj6bkWFzt-DEU-kAZL,"""bing"""
"4242",""
-NTIn6vC6h33ibAnfMlb,"""maxar_premium"""
-N0anPh1enKG7OtYtNKf,"""custom"""
-NptB3s3O6mlKMhB9xke,"""bing"""
-Nrj6xPV7gJg9uKf8H4B,"""bing"""
-M4uIn1tsLFEJWZGMPIM,"""maxar_premium"""
-NTJY6R7KDNF_PmrhRdz,"""maxar_premium"""
-NWi7DJjFOytdp-21UFp,"""bing"""
-NptC29f3W58G6yeqqxH,"""bing"""
-Nrj7SCP7rEwVLPNj8L1,"""bing"""
"5169",""
-MYojqchaRxyyi2eDUc9,"""maxar_premium"""
-NTJYhfWzyJUbPrdboUy,"""maxar_premium"""
-NWi8SkBmHNEf0JGiRwM,"""bing"""
-Npu0JytfNZl7cOwwMQL,"""bing"""
-Nrj7vC_4PDllXNLl0z3,"""bing"""
-O1aMNENkVlTkk6wFFzv,"""bing"""
-OX7A6SP9fnOxY_JQMM5,"""esri"""
-NTJ_mLCqI2vB8fSgoL7,"""maxar_premium"""
-Nrj994eS_2UgP6WP9or,"""bing"""
-MzLVmLMLkE-cT69Zz40,"""maxar_premium"""
-O9zPVY71anQ7umF2NIZ,"""esri"""
-OX7DvhgZJr1ZpB1cxGW,"""esri"""
-NTJaHoO5qe4u8Fc44Y6,"""maxar_premium"""
-NWHpfmPVI8vi9HP6h1q,"""bing"""
-Nrj9WukSx-MU75p8C9a,"""bing"""
-OBzYlESE0y_OxtRaaBK,"""bing"""
-O1afdK6gLnIG_Hlys7U,"""bing"""
-NTJbHRAg8y-1QWwHtec,"""maxar_premium"""
-OCyYYSkSfcxT7IRTi_4,"""bing"""
-NTJbtcIzIoNN2avCCwC,"""maxar_premium"""
-NrGY600-Kj-Lcz8ifOv,"""esri"""
-NXGRRHZDqmxHGffuP3Z,"""maxar_premium"""
-NTJdUk42Qg8I2pICtnI,"""maxar_premium"""
-NsNcdUnDXY09pHP-6qf,"""bing"""
-OX7BnuUBgWafyLOS_os,"""esri"""
"13509",""
-NTJdzG3j1WJa5w9OBPL,"""maxar_premium"""
-MZ9dpQhKTov9qH78rdJ,"""maxar_premium"""
-NXQ3s3QU_85iNE-DllJ,"""maxar_premium"""
-NsNu_ZWyBsC-9gxssO7,"""bing"""
-OX77xcbMCcSMMb7d_2H,"""esri"""
-NTJenxO_-K_HSsGpt-R,"""maxar_premium"""
-O1WyzgyhTwknlLCb3VC,"""bing"""
-N68qwucvvm0GeIfgOaM,"""bing"""
"8972",""
-NTJfLf5S2CHjKgBhI-g,"""maxar_premium"""
-NXnw1bgqqL8OyUPEyuf,"""maxar_premium"""
-NsNxPwseMkkjmlWBeCw,"""bing"""
-MywjhDsM6V-SIQz_Uy_,"""maxar_premium"""
"13513",""
-OKWfaUIpSIVa34TdrAT,"""bing"""
-NTK5pY2_Nrhf8wxixSG,"""maxar_premium"""
-NsOKU45kVkqDT2PiZt2,"""bing"""
-OYCUHWP7DOJZnI_o4FN,"""custom"""
-NTNRStRXvY6iCZCtyvv,"""maxar_premium"""
-NXnwg6Lc2F1xEmjYo3t,"""maxar_premium"""
"10230",""
-Msnxo15qw2GiWSRFvrv,"""bing"""
-MxZ2tavxOIfY0SiEoPx,"""maxar_premium"""
-MuW-wsXjqU9QAgVKdet,"""maxar_premium"""
-NTNS6angOtbNRFtYShg,"""maxar_premium"""
"11312",""
-NXt4tJOGH7IS6_1bWJt,"""maxar_premium"""
-NTNTZVQ4e5YFH5wzIbq,"""maxar_premium"""
-NXt5ReVOaTF9upe9CaL,"""maxar_premium"""
-NsOKh4oqiNP8kwRAsvR,"""bing"""
-O2_J_0_ChfONXhYeRoU,"""bing"""
-OY9RaSgE18DKt4hGqCT,"""bing"""
-NTNUBBmv-KH2VKXWvMM,"""maxar_premium"""
-NXOlvyjXwYDKc4ipQt9,"""maxar_premium"""
-ORzVpWPDot5uh2Anorl,"""bing"""
-NTNUkmOqDWya9YnRi1W,"""maxar_premium"""
-NWi6F8Sd9E-lYnt9yPP,"""bing"""
-NsNvxDrH-8wDyzzNVhU,"""bing"""
-OAwA6LAnub7Rr0H_0PN,"""bing"""
-NTNZZnvKWmniR-zwBhl,"""maxar_premium"""
-NXvSb1bXbIha_p57ENE,"""bing"""
-O3-8LZa6TF_N9npY9q_,"""esri"""
-NsOL7LpqECLsGTCmZWe,"""bing"""
-MYHSQDMDQSXcUiEmXB5,"""maxar_premium"""
"13515",""
-NTNaM7a6rJVG_ExD3_S,"""maxar_premium"""
-NY-gRQsvfuv1pb90cW1,"""bing"""
-O3-EBMW6nYiGcbO7-rM,"""esri"""
-NsOeI7YCusfX3KyZGwt,"""bing"""
-NTNazmfuMvLRQg0FxEk,"""maxar_premium"""
-MMQnLlcT_rIV5vQF04s,"""maxar_premium"""
-NYNh0bo9y4p-Oux0pMa,"""maxar_premium"""
-O33iLkeyHDLABiSXCsR,"""esri"""
-O0zH8KO7JmJIg4HsW2v,"""bing"""
-NYTA-9hXsxbMBhpkT4O,"""maxar_premium"""
-NTmOmY9mJqVjL4UTcUx,"""maxar_premium"""
-NTIlqM_v_Il3MnjJv5Y,"""maxar_premium"""
-O3nEKPs-_wkmj4N5P6S,"""esri"""
-O3nb_YuSWDa5sIPLwZJ,"""esri"""
-NTs3DgZxNz320efO4Uu,"""maxar_premium"""
-NYbg1FQiUhXAxCgAZ56,"""mapbox"""
-OCnfBj1V-DYsE75nUSV,"""custom"""
-OKfucK6Rcw-_dWckP2z,"""bing"""
-NSuP8DnMK8Iq1K4bk1t,"""maxar_premium"""
-OKfuwJSXw9XowaG449Q,"""bing"""
-MYHSZeVini1E8n4LqYE,"""maxar_premium"""
-MAT2_lIs8jSBx_YdW8n,"""maxar_premium"""
-NTDakcZJuqhpIsTmf3D,"""maxar_premium"""
-NTDbyA0v1_qs4G_0a4u,"""maxar_premium"""
-OYXDypMNqeK4FePxBBc,"""esri"""
-Lxbb7GWIDa3Fivi7MpS,"""bing"""
-O1aHF00VbOU_4j0nNVH,"""bing"""
-MY87jq1-11RBZK7v5Ja,"""maxar_premium"""
-NYbkP0pcl-z8feNXDXt,"""esri"""
-OKgBF9ruikA6bVvcKeF,""
-OBBpKADIpNoWc9N6P_5,"""bing"""
-MYpJ29Y0I4f8CX0DOBJ,"""bing"""
-NYc_G9AdoG4AsLSok2U,"""mapbox"""
-MYpJX1tVo_ABNfzSLOj,"""bing"""
-NRcQCmjcgL5s6jvcB8B,"""maxar_premium"""
-NRcRdGzayVqzDL_ncT6,"""maxar_premium"""
-NYccDrnd6kLOxyEdsbU,"""mapbox"""
-MzQ7oPk1CNAN66Po142,"""maxar_premium"""
-NC_fHydD7K6xk4ef-Ym,"""bing"""
-NYccODx17qe0erz61zD,"""mapbox"""
-NTDdHJ1xg-CDVTfQhgu,"""maxar_premium"""
-M_7SZdnFiNSrICQ-5Ic,"""maxar_premium"""
-N0pIctZHzlzFF7-38MR,"""maxar_premium"""
-OKWB55AkXBrFAyINyVt,"""bing"""
-NYdaSP9kAKvP8VrZvIz,"""bing"""
-OT75LNDRnw5mOHcwAPH,"""esri"""
-N0pL6s76xoDWy4ggl-m,"""maxar_premium"""
-OYXCjvaABuKhGeZEuZo,"""esri"""
-O0PSs21r6brDmnBvv9L,"""esri"""
-MxZ31rBf2b9nZOuq_jy,"""maxar_premium"""
-MxZ2YmPYo3Jc8Sy2OvJ,"""maxar_premium"""
-OTgcNKttE9KNxdMxBSo,"""bing"""
-NrMqT93JPPxZ6jSoQ3t,"""esri"""
-NZ24Jz8qvNNAA61wGyD,"""bing"""
-NsZ5hV9lnaecm0GuyrY,"""esri"""
-NrGY_LbzLcn5rxjoDZU,"""esri"""
-OSyZRvlekJApRkZ8K0Z,"""esri"""
-OZBT0RBecAHikQlydFv,"""esri"""
-OAwTt-KXU3H38Ni7gvp,"""bing"""
-OZ3NvwEh3PGszuc3Pkl,"""esri"""
-O8GsvZ38h02H05uUGLd,"""bing"""
-OAwCidIGcIxKZPMEi7J,"""bing"""
-Lw-m-1NONTWH71n8Zc1,"""maxar_premium"""
-NZB_KTRBpsHLqXWnAX2,"""bing"""
-Nt1jqSOK_Ohv-7XnafR,"""esri"""
-OT74m2QG7Qgh9ZF61yS,"""esri"""
-Nt1mFijI-Bwxc-Y8U3S,"""esri"""
-OMTe-kVWTgZHAfa7Rlh,"""esri"""
-O4LcHvmrwZo-NdZd27B,"""esri"""
-OX3AejlfGK-eoTNMnG-,"""bing"""
-OT2ESPDdT-5dZ6JgCOv,"""esri"""
-OBzc9rMgQppQ5f4v8YY,"""bing"""
-Nt1mmXFgvCVbfbIPoq0,"""esri"""
-OMTfDy03ThqukWPeBVp,"""esri"""
-NAtPyDmoriut7S6fC3I,"""maxar_premium"""
-Nt1mxLvXcuK807bXFbf,"""esri"""
-O1aKEzRa9E6iRuaUW5_,"""bing"""
-OB-tettI2np7t3Gpu-k,"""bing"""
-NrSmjpJ5PQcYx3LgU9N,"""bing"""
-NXG2zC7XcsgJig9riQD,"""maxar_premium"""
-OKaF9dwZ0XH7liWKRUK,"""bing"""
-OC8renDGOEuHAw0zxG8,"""esri"""
-OSSgFhdQa27vmC_q4CZ,"""esri"""
-NZPpJFdahFpzDYcCk6L,"""bing"""
-OT3XL_NjqPTj3gSYLZD,"""esri"""
"13583",""
-M4tWTHaNUulGoxPLN_d,"""maxar_premium"""
-OOOWTE842Oh6rdz4Vtj,"""bing"""
-O0zHTosV204T1E1fllG,"""bing"""
-OC8s2uYTXx5X-szAnXb,"""esri"""
-MzPtABnjXCgorFiFbzi,"""bing"""
-O1M1bWgyOQ2YeL8vvbM,"""bing"""
-OKfcCY-YM4VdYO60SAC,"""bing"""
-ONohrxC6nklX9JsyHSN,"""esri"""
-Nnd-HTF8YU-eMwIUDt9,"""bing"""
-O5OQ6y-BJx7dYtOS6HT,"""bing"""
-NZPqP4fOwZsdN50IoBH,"""bing"""
-M72L3arMGNz6h-P7SvI,"""bing"""
-NZPqqAEqhOLuUIuDYb3,"""bing"""
-M_7Sdui3klx98z_PT83,"""maxar_premium"""
-N_bsPO3852oG4_KdEQq,"""bing"""
-N_cmJsdED1mAx_MmOIx,"""bing"""
-LxbarQebt7sur14aLR_,"""bing"""
-NbxQyOSjI3wdqSquz-x,"""bing"""
-O4QPwdN6lweWisZpEjI,"""bing"""
-NYda4Sq4dhkghY3A__V,"""bing"""
-N_bwpIRG0KsNo9guUbU,"""bing"""
-N_hfAB4q2kyL7hu53Wq,"""bing"""
-MuWVp-OOG32SWOVVYNh,"""maxar_premium"""
-NaLEUiDj5FhN8KBNAm1,"""bing"""
-NcDh6AxOmfi4gC6XInw,"""bing"""
-O5OSh_9L_xZRwM1gzJ2,"""bing"""
-Nal83ay1xeKct_9a2UI,"""bing"""
-NtpR1mKcdtJV_5l6eob,"""bing"""
-O8kzSy9105axIPOAJjO,"""bing"""
-O5OUYvSZa0PiAYQJ_7t,"""bing"""
"10340",""
-NcESqSR6b0xA_FcPEwx,"""bing"""
-Nal8hfPaqw6pD40HyFD,"""bing"""
-O1bBlwPtTgThMcq_sgK,"""bing"""
-NtrR8fnjZ58ihlkOpVB,"""esri"""
-O1abdmL1AX7CGsPngxl,"""bing"""
-OKW1_kjMwCFHf2rP1YT,"""bing"""
-NcET8HgshJ837e4jS8r,"""bing"""
-Nal9Fwt9mFrGlgVW7T2,"""bing"""
-NcETS2YIThvPut0CsZt,"""bing"""
-Nal9ZH7YL6XbLe4l7C8,"""bing"""
-OLmnvQD06_qAGIe2xfR,"""bing"""
-Nal9txvBan_5-ytQo2a,"""bing"""
-N0b1pvuEOrIrMfH6KnW,"""bing"""
-NcDhynuyiNlKMkJsIZC,"""bing"""
-OQiWrrTouJ_JQuG3tLH,"""esri"""
-NalAFH7g9M-hoRExWBu,"""bing"""
-NYdbNVsqe16tqdgOCfu,"""bing"""
-OJPF-pjsAUl5BOpOdY0,"""bing"""
-MXDMhfBy3py-SuA7Hi_,"""maxar_premium"""
-ORzUqtJQ7oYe_qlQN2f,"""bing"""
-Nap50BCrZYrPHihdEth,"""esri"""
-O4HxLerm0QM3CP16JPH,"""maxar_premium"""
-MAT2CrKFPbrb0URg5Be,"""maxar_premium"""
-MAT2UBAe0kTqpfcb7EI,"""maxar_premium"""
-NBOhuMEpLHijX6xq4zg,"""bing"""
-OZo3Sgs5PA4-SH9btWb,"""esri"""
-OP_zSlearJH5RmKVRB9,"""bing"""
-O5THPRn_Gi2J-tP-bU0,"""bing"""
-MY6Z_QiRqrO03XwnFF0,"""maxar_premium"""
-NdeQ6m1-rSdBtJCh70K,"""bing"""
-OZwCTspnXrdjdMaHPqf,"""esri"""
-MZ3e4MYc9gZN4b7wr1d,"""maxar_premium"""
-MaaKghRHfzMz0HtanVN,"""maxar_premium"""
-MZ3e9NrFy6CduHGTwZG,"""maxar_premium"""
-OXYi1zc9e4f9shB29X5,"""esri"""
-OZz7kYV3U0n3UVWFOYs,"""bing"""
-NchG7cGSXmjeC1LThko,"""esri"""
"692",""
"7289",""
-Ndj5zjfc6VaOLipk2lg,"""bing"""
-O5TKEouEuJtMygD4IgQ,"""bing"""
-NchJmHCZ94EqX_FDngl,"""bing"""
-O5TKjyukNSrJe7y3zUf,"""bing"""
-Ncbda3PBiZEiUu61KNZ,"""bing"""
-MY6ZqbGIrgAwYmsE6tj,"""maxar_premium"""
-OZBUbM9EqgzHJ1hsbmQ,"""esri"""
-OSZFW85GB5Ivj2Y3F47,"""esri"""
-NeiT6ffy2UydFQ9iUJu,"""bing"""
-OIROxifPSRV4oGfxRTn,"""bing"""
-Mvr_GnD9Q9fIoTxdBTt,"""maxar_premium"""
-NemyIsE_HS6fO7me2UU,"""esri"""
-O0TMXYBxvswJWgW_z7i,"""bing"""
-ODMitxt_O4CxEwwO9dO,"""bing"""
-NAxTdeAu6N5nenF6Bqq,"""maxar_premium"""
-Nen-JfhstLErxCAcEKL,"""esri"""
-MPhmWH2vDQ8PMZevB-v,"""maxar_premium"""
-NOs2y7JfXLLknh2ccdi,"""bing"""
-NenBlYZjhMTzmnNOSXC,"""bing"""
-O0SqxfxJkW6SAkwSyy0,"""bing"""
-ORzUXxPW4o07JR6tWRB,"""bing"""
"13508",""
-NenCwkfNqc9iOFCsU3e,"""bing"""
-M6oHoDQ7yX7kbWln4Be,"""bing"""
-ORzV87brA-akKvk2_sb,"""bing"""
-OWGYMX1RPmTjqbQyJwl,"""bing"""
-NB7hgtNt3OnqXIUS1Wu,"""maxar_premium"""
-NAu0KewTM8ZRS90HpuS,"""maxar_premium"""
-NenEZLLidZFrR8LCjq9,"""bing"""
-OYtIgCORNPGYvnt3kfg,"""esri"""
-O6MOIIxGcmmyK6S7XBD,"""bing"""
-OQswHPHTQApwPsuqSGG,"""esri"""
-OYtKnIGs4hYv0Y_ixlC,"""esri"""
-NB7i157Hh9WIurVGj3N,"""maxar_premium"""
-NC6JTmvSls7k8Da22y4,"""maxar_premium"""
-O6MPjXrwBGIbLm1pWro,"""bing"""
-OZd6p0uUzYfklg-a7Ph,"""bing"""
-NBBa_7350hAaBy62grV,"""maxar_premium"""
-Neo4oUxRUUNrAPxBVnx,"""esri"""
-OCxu-0CgqPGULOS709Z,"""bing"""
-NuNyCU9wfMoU_B_Q_Kp,"""bing"""
-Mx4ZBDpEJpOycbt8ZcD,"""maxar_premium"""
-Mx4ZI4_aKy-QwjgZgHK,"""maxar_premium"""
-MxA2cvv6Y-4W55R_vuf,"""maxar_premium"""
-MYpKjTwK0VdN5Um7tRY,"""bing"""
-NuNzEzVaGFCrrRznUOB,"""bing"""
"3310",""
-MmS60Ycow7y7I-HeM_G,"""bing"""
-NuNzSDJw2ryqsIctnyi,"""bing"""
-OPkR-VeIqrnfVID8etd,"""esri"""
-MYpJipu8S8TMyhV56EI,"""bing"""
-NuNze82TcLkSEPE0qoC,"""bing"""
-NBC46wGt350Ns70qZSp,"""maxar_premium"""
-OQxu7BH10K5EWtlvKYf,"""esri"""
-ORkZz2fqW_eHldL4vyy,"""bing"""
-MxZ35wCLoUsPHoj8zxs,"""maxar_premium"""
-Nes80bNu__CBhTzhB4Z,"""esri"""
-NuNzncAhMZsuFfZ5L6O,"""bing"""
-OQxtexS8iCyoGNWTq7A,"""esri"""
-ORkbatjG5Tr4-99BCYk,"""bing"""
-NesFWSO2BwvzJnPLrKd,"""esri"""
-NssCQMh71vT5_JBjkIt,"""esri"""
-ODMjWcS_brUX2AOPPYv,"""bing"""
-NuxtlM1wfFwmL1yDnFZ,"""esri"""
-OQy0ewCUQOyD2JLikhB,"""esri"""
-OAwEe5D9GAPCoPh53z4,"""bing"""
"4",""
-M72JSANIKfU4_zR7GDl,"""bing"""
-MMuw2ghr4j3Oo433O39,"""maxar_premium"""
-Nnd-Xs7WyzoSW50kUVR,"""bing"""
-OCyRQjuDf3T5JeTumtH,"""bing"""
-M6VEXbTG1rq2Xgge14t,"""maxar_premium"""
-NfFmvsJFc-5GDsXfjIe,"""bing"""
-MkNH2iJWdRkdkZe7oaa,"""bing"""
-NfG1Ue6_MVbbsZ4EQrc,"""bing"""
-Ntz59Ek-ErMG6K9QmWT,"""bing"""
-OQy_0zFuqsQ53QrX6h4,"""esri"""
-NfMlJ3vTr6zAkOplVBX,"""bing"""
-Ntz3KiYv0bFRraBFTtk,"""bing"""
-MxA244C8pHK3cwZE1Tl,"""maxar_premium"""
-OKfjEUhScO-f8_SYvJG,"""bing"""
-NfMmqE4uFH1qDyjppIn,"""bing"""
-NvCWkpQTr9nRUDBnnMM,"""bing"""
-OKfjcY_PFXyTVyilhtV,"""bing"""
-MY6YQstYzjIc0cSj7vL,"""maxar_premium"""
-NfMnES5z8aNyOfsTr8F,"""bing"""
-NRcRylrWbEwNIkbldpF,"""maxar_premium"""
-NfMowDXsGX1cNc7oQZ2,"""bing"""
-MHkr35-TbANV4Bn4S7z,"""maxar_premium"""
-Nvb3rspc3f_pCqteNc0,"""esri"""
-OKftw6F5ZmJAo0zoAm3,"""bing"""
-OZ4ELqjnZnxs9OGy3z9,"""bing"""
-N85fIFbJl2Ua30HdmL4,"""bing"""
-NesSU-DmPFCLRERLyfj,"""esri"""
-MMQoMxslAB9s0I0WLp0,"""maxar_premium"""
-MzEt8JaeiycykKp_Qs3,"""maxar_premium"""
-O1LrzQrOjYYM5lY2N17,"""bing"""
-NfQH3tFcshbPrYxHrPt,"""bing"""
-O1LzIsDG2pPlPAf765j,"""bing"""
-MzQIPLlTb-U__5rTuG0,"""esri"""
-NAoAHHiYOXaQBmC0yuP,"""maxar_premium"""
-NAtPOcWed6TblNh9rmx,"""maxar_premium"""
-OZFXKuj8LuLnBeE3lay,"""bing"""
-MDPaEF80afHHlauPy3E,"""maxar_premium"""
-OJL9XdhZKUbUHQvq22Y,"""bing"""
-OUoQBZkwX2q2t_Sx0uI,""
-MDJ5AzzB1FDvWyISnCP,"""maxar_premium"""
-MDPaIthQRs4jw6tS1I3,"""maxar_premium"""
-OZFWMWZv-9e1GlUkEBa,"""bing"""
-OK2zqCievx0TUrnF61i,"""bing"""
-OPa0b3VeqAE8LKX88IY,"""bing"""
-NfQVSiLkbtJy4by2xMW,"""bing"""
-OMn02eHP5WXoLy2dafT,"""bing"""
-MkNGwPzoVtqs12LAfP4,"""bing"""
-ONJMQSebtiitGYE3kgQ,"""esri"""
-OVK5CbEMIEHhWB_JaRK,"""esri"""
-OZz83Z5sqRuaHy5L1Q6,"""bing"""
-ONJNeX0h63Pw5jpLp7y,"""esri"""
-OLjOgHZrKDD5w779kWd,"""bing"""
-OMn2dztietfd1yV-GGj,"""bing"""
"6",""
-NfQWHlOpoDritnOo6V4,"""bing"""
-OMq-kvHgaLhxfPgIf3j,"""bing"""
-OHN282QWN2673aXJ2Tf,"""bing"""
-ONU_Q0d01OBR8mmExyL,"""bing"""
-O_R65EcwGXduylT4jgv,"""bing"""
-OC8Y4QaXGbwjRtQvy2S,"""bing"""
-NfQXmT4GWCnAfMJciXL,"""bing"""
-OIRMDngkCPLdUFE5UnI,"""bing"""
-NfQY-nqUTCqFLShprox,"""bing"""
"13518",""
-O_R6JsIKH8wWguVuKKp,"""bing"""
-OMqANF17XQSJaxob4LN,"""esri"""
-ONUbKuDbK7stXQZhyKg,"""bing"""
-OHIlLSki5X86idj6Jar,"""esri"""
-OMqXmEWm_tEmJwub15e,"""bing"""
-ONUc7F6KUresWDkh3DD,"""bing"""
-O_R6Z0F8ToswVNbK9SH,"""bing"""
-MSWW134o9GvNvbE1eGn,"""custom"""
-NfQYm9lpxaPXdDt9M14,"""bing"""
-Nvg6f1ChmTD_SwKFZjU,"""esri"""
-ONUejA4wjtjzZNQ99hN,"""bing"""
-OMqY7V_Q-x5CP69y9hI,"""bing"""
-N8Ys5x0YnyclJ7YxxSP,"""bing"""
-OJL8X2Lg_jVgVQcdgn5,"""bing"""
-ORjaPQoZpRsM7k3K1Lp,"""esri"""
-ONUlP_Hr3DwZDFNs_Bx,"""bing"""
-O6XSLViuC_F5ncVbb6F,"""esri"""
-OL9XxSJZxZRaPsaqynH,"""bing"""
-OHlddUo1Q5gCxyP0d79,"""custom"""
-O7cI0yciePCYL8pXeu1,"""bing"""
-OT7CA2u6nfQKKaSzXR0,"""esri"""
-NvgFJ1vdBjfRif2yiJv,"""esri"""
-My7-Ueki1Ff9OTXY2CT,"""maxar_premium"""
-O7hFcC2pKTnTh01SGds,"""bing"""
-Nvkycj8dZRctuM9LuPg,"""bing"""
-My7-ZCjnvGe9pzr2GXD,"""maxar_premium"""
-Nvn59sMRqBsdx24gb4C,"""bing"""
-O7iH0reW39KK8S5KBzC,"""esri"""
-MuQkZIAM4kf6VxpmJdx,"""maxar_premium"""
-MTp4deEDe5vJ3qMPP-S,"""custom"""
-Nvn7APwKSbArpwTROvA,"""bing"""
-OU_DLds8m0yoUYjTUGK,"""esri"""
-Nm39oqDRXM1eSwBsZ1O,"""bing"""
-OFwru2bRgU7drp2lplt,"""bing"""
-O7iJ2KJDi9ED9Ade817,"""esri"""
-OC8datUAR66cO2Eta8x,"""bing"""
-Nw6IIRgwj-vMvTX__6m,"""esri"""
-O5TG_oOi4GBUeo129wM,"""bing"""
"3764",""
"13547",""
-Ntz6SOcJ27J5OPGkHy1,"""bing"""
-MkNHSXrUF1PpmasSYrM,"""bing"""
-OTfJ0ZFDczXLYdtaMpH,"""esri"""
-NwG3e4kQog_I7fdAPT2,"""bing"""
-NAn63FRJQ-pgsXP2wRj,"""maxar_premium"""
-My6yyQj17x36z7XGtiw,"""maxar_premium"""
-O1LvkQgY5lAnQdBTHK7,"""bing"""
-O5TIu24d_1JZpWiQR5U,"""bing"""
-MDPaSmxrGWCoQ9kTzkd,"""maxar_premium"""
-OAwY28wHSAr9NTAl7Jo,"""bing"""
-O82fZCrg2oNLAYVst4b,"""bing"""
-OT7CuVZ_jTxsRznP9CW,"""esri"""
-NwG8EbUqZW7t0R8TxKq,"""bing"""
-OHD_yToa3kqSz2NJkOI,"""bing"""
-O7iIjnsCRGvsGnN07_N,"""esri"""
-MhK2rqJYEKpSGMy7nVs,"""maxar_premium"""
-NwGAXHl1Yzjq8R8V7sV,"""bing"""
-MzK9TcmVDUe5SWdTO6_,"""maxar_premium"""
-OEKQIC-thqSJuO3OgW5,"""bing"""
-NwfClrrfSpVD3_p7dI1,"""esri"""
-McUEjMKPxal8LsomfuN,"""maxar_premium"""
-MzK9Y0kCDaFcH4RbFzi,"""maxar_premium"""
-O8CRqb4penf9falyBxU,"""bing"""
-O_RAnngEAnj9mae4eJD,"""bing"""
-OB-rT6eGYqGRd7Gb48D,"""bing"""
-O8GHfrAxmm6L8NvS_uY,"""bing"""
-OKW2H-qsmAs43Ucailf,"""bing"""
-MDShLwMwA_nUG4jamMn,"""maxar_premium"""
-MywlC1TBOVyhQp8toGB,"""maxar_premium"""
-Mywl5Fo6ymLgzAUTrvb,"""maxar_premium"""
-MzK9fz5WSu-JHeBTOl9,"""maxar_premium"""
-OHvsSX-qhqNaZ7y_eL5,"""custom"""
-OHvt4bwY5pkDZ3gGEfp,"""custom"""
-O8GJuVNP8eiCCLx-HJZ,"""bing"""
-OT7CQqS-W5RUouAiLet,"""esri"""
-NsOKvUJlSC-6JV1Vi1D,"""bing"""
-O8GKILFzxByZWQLjPil,"""bing"""
-OPlXL7c-SFK8xWb8Rk-,"""esri"""
-Nwn2ospLqLGPixZzjqu,"""custom"""
-O8GLvKpXgtOT0vy1YA3,"""bing"""
-OLXcaQ0ZbQm1424drtI,"""esri"""
-OVK68bGnJ3MaXx89lHO,"""esri"""
-NwiD67glnRgTgosfZOD,"""esri"""
-OIRLQsHI6N6apPGzABW,"""bing"""
-OLXdK2i1BbzAGC0QgqD,"""esri"""
-OIRRVo48xMZrpAP8DP4,"""bing"""
-NwiEBKvaGXESlSYzkii,"""esri"""
-MzK9MKGv76Zo3cV3k_q,"""maxar_premium"""
-O8GOuwbBLIUVznePxj8,"""bing"""
-OL_-eZCsODcL9IlLbZE,"""bing"""
"8429",""
-O8GRU6iQrF_dqHwl4vQ,"""bing"""
-ONZvhF4zYyJfKl5fH1N,"""bing"""
-O8GSq_b3ZSzsun9aUSz,"""bing"""
-NxNhDZH7HOia-u9Q66u,"""esri"""
-O8GTM9HGxJ-bagscToa,"""bing"""
-OYjqVspTtgcB6yfmElT,"""esri"""
-OMqbcBEHrBLm99Q1H1-,"""bing"""
-O8GcGOv1SzgUsid2Ovw,"""bing"""
-OKVxe4voTtrCEFWJCyC,"""bing"""
-OIROKWHgd37LwyuUWL_,"""bing"""
-OMqbpSEa-WojiBZEqUe,"""bing"""
-OMqc4x0WLpNd_qKHy-F,"""bing"""
-MPhmJsu3e5JH4-GRbxT,"""maxar_premium"""
-MzEtB6BDwK_Ix2b8nJm,"""maxar_premium"""
-O8GdXr0xF5mC1sI4For,"""bing"""
-OZz8L_HPBmw99nmCGGA,"""bing"""
-NxrK9F1N5d0NDUpnGXF,"""esri"""
-OMqcGMNTdyh-aJgGwO1,"""bing"""
-O8Ge1pwh66H8hgLYEoA,"""bing"""
-MaaLDlqFdrc3TAcDpXV,"""maxar_premium"""
-MywjoOrAUVucUpsOD4J,"""maxar_premium"""
-O8GgIVrsQpCIiMwbJW_,"""bing"""
-NxrKZ-hQBLO8fOFQvKg,"""bing"""
-OMqcSLDWr0mmlxrkNWG,"""bing"""
-O_kWu6zyOAGgZAsFCyV,"""esri"""
-NxrKnzuEN0E4NZd6Brx,"""bing"""
-M_7SicqgkXEqGtrCrzf,"""maxar_premium"""
-MzEtDpjCOyQn5wSjJBf,"""maxar_premium"""
-MzEtGaiUmF_MQxFmTzX,"""maxar_premium"""
-MzEtJB8OFoazFB0iD82,"""maxar_premium"""
-MzEtM3ESNV9VXDzgI_1,"""maxar_premium"""
-MzEtPm2nFc5Eo_nKrXX,"""maxar_premium"""
-O_k_ZAYJIgtfzgfv1m1,"""esri"""
-MzEtSi38vYyRzMFhgu1,"""maxar_premium"""
-NxrLCNt_zPNQLSlkrvY,"""bing"""
"14",""
-MzEtVT3AwZNbxviKcZF,"""maxar_premium"""
-ORzVccfOBcEzJh3e6GS,"""bing"""
-O8GrL-DqsOnaaEWYwNj,"""bing"""
-OMqcbFcdIfProTaX2wA,"""bing"""
-Nxrl5Rc3G7tL5Jgt3DV,"""esri"""
-MSbZCoSLbupg9_uL6O5,"""bing"""
-OX3AydkZIeK7gBdJvQh,"""bing"""
"12",""
-Myh3bZqsXITJlSMRohP,"""maxar_premium"""
-O5TJX_R4tnYA1EfzJrY,"""bing"""
-OX3BMsUBZFYGRzd5BJu,"""bing"""
-O8N_d-8cIKKxq6OW59Z,"""esri"""
-OIRWX7NPRzRGxhJf2Sn,"""bing"""
-McUFLV60dXjpJ7uQ8aa,"""maxar_premium"""
-MRO2NSxcTO7jNbPph1k,"""custom"""
-MywlF5ywakse3_1Gfsn,"""maxar_premium"""
-O8kO7apgHH4wPwOimgx,"""bing"""
-OIRZEn43YrfdKYDRFsJ,"""bing"""
-OYeUkitjWJjuDCY9UW4,"""esri"""
-Myh3u7nxwbWUYaylae0,"""maxar_premium"""
-Myh442QsMcIJ-jA1yQo,"""maxar_premium"""
-O8kPVijCLBuXowSP4cA,"""bing"""
-OIR_XUwVrS8rZ8z88fo,"""bing"""
-OMqesyYDYGayGWnmYdI,"""bing"""
-Myh2_MRX1grHLznSJbY,"""maxar_premium"""
-Myh01AGj2cCH1BK3brz,"""maxar_premium"""
-Myh2isrxXls_StlYBA4,"""maxar_premium"""
-OJVRL6V2T5K-6CzdMqS,"""bing"""
-O8kQGsdmdD2yyi8kJku,"""bing"""
-McUIVQyYQfzKZMzJVGX,"""maxar_premium"""
-MywFn1JstcFpee7lpWW,"""maxar_premium"""
-OIRbZxGAHqh-Frg-dFI,"""bing"""
-O8kQv7BWhnSv-DSCjDO,"""bing"""
-O_R72kfcGjX2eUKoXOG,"""bing"""
-OMunaJmhQt4kOIb2gGH,"""esri"""
"10836",""
-Mywj3sap2WjgScQCi8x,"""maxar_premium"""
-NndSGijrMkiIhebAPdU,"""bing"""
-OMutBu0Xcoqv7TNQCsl,"""esri"""
-O8krHmO0PEA2DkEYDEY,"""bing"""
"13512",""
-Oa0gNBgBwfevX3jsSg-,"""mapbox"""
"1599",""
-NxrlpMfK8t2Yrir4QN0,"""esri"""
-MySQmtBlG6bwyF_dTXb,"""maxar_premium"""
-MySQeW7AsElibF0Ej3T,"""maxar_premium"""
-NyaYACs22wHFlqLrmQ0,"""esri"""
-MzEsLIzsboO9DUsqe0I,"""maxar_premium"""
-OJPGFzZtNRckdBC9tI0,"""bing"""
-O8ktUhH0nrccoyc7-KE,"""bing"""
-OISGE-7uVaFsuqee4kU,"""bing"""
-MaaKpi2YR4CaHassrNQ,"""maxar_premium"""
-Nyx_TN5YS0h1omd_FEG,"""bing"""
-O_R7ONIn5QgkjuHGlxH,"""bing"""
-OISJtFaLU5m6ea1N2Dj,"""bing"""
-ORFj-fv1hw0Qzf5U-bR,"""esri"""
-OXbs9p0okPczF6LkykQ,"""bing"""
-MywjYCnwC-Jxu9O5GDb,"""maxar_premium"""
-O8kulfxD4zRYQ2T1aXf,"""bing"""
-OISKlkj8CY6Nqvd8ZZw,"""bing"""
-O_R7tdJ7aWk2BbW5aSA,"""bing"""
-ORFmBUq3cGJIcByVf6L,"""esri"""
-MywjINrt-IxYvGLFG1_,"""maxar_premium"""
-MaaKx0VpPUZ6tkZaMFh,"""maxar_premium"""
-OISMMoYpJTqIBgr9K3_,"""bing"""
-O_R7al4r0rNTs1E8R6i,"""bing"""
-ORGGEtHupFzx_ogTt6O,"""esri"""
-N6P0lbu245cEINsh965,"""bing"""
-My7-P_IIdWm-282g3r7,"""maxar_premium"""
-MRPDZc3WKs5F-4Fg2Ng,"""maxar_premium"""
-O8kyOCreRGklW15n8RU,"""bing"""
-McUIbl5fR1ZMwwSkJlx,"""maxar_premium"""
-MYpJQdvm5-kFW9pBH8k,"""bing"""
-OJPJflVl7axCSB3hzbt,"""bing"""
"13514",""
-O8l-AFFdvrn0IwnJxfS,"""bing"""
-OAw_qmNB75cUS1jjTic,"""bing"""
-OKftKPGNKJPe-6Lkb4-,"""bing"""
-OKfuGlKBe6n2qY8nlQi,"""bing"""
"13517",""
-O8l1Ysjv7HVvmeYx4ZP,"""bing"""
-OEEOsB8ThC3okErdfos,"""bing"""
"13569",""
-O5TLf3wo1l2S1XkIvzs,"""bing"""
-OIqncGT-ywTqTtPEktP,"""bing"""
-ORjOhhIHrrYGJsioCCI,"""esri"""
-O8kvykeirA8tNfpvr3H,"""bing"""
-Mb6ZMw52XhVysBirPKJ,"""maxar_premium"""
-MaaL38svAV9Gga3D1UB,"""maxar_premium"""
-O9VjgrBCB-R5pfIsHQy,"""esri"""
-ORqIgM0pZFigLEy5Mh6,"""bing"""
"8587",""
"13631",""
-OEEPT8SmcddYo0Jpt1F,"""bing"""
-O9hu6DdVQvAm2ydZFjc,"""esri"""
-OJPLrQ-61W6Jhk9yWWH,"""bing"""
"13635",""
-M4tXKnegIuAFOeHK-Ky,"""maxar_premium"""
-MzEarJg85EonwVqU8PU,"""maxar_premium"""
-O5TNGqKEd6DvwBjW8-9,"""bing"""
-OIuw-bq1ilJwKRNU1wC,"""custom"""
-OPlXebWU4gwZ7xryED4,"""esri"""
-O9u_2bUKI-8i7n3LPmN,"""esri"""
-OIuyDS3ji8S7IiXHIuk,"""custom"""
-Nz3lSz84VkwvYeBKhqp,"""esri"""
-OIwMnqdIUE6BBLyYhqe,"""bing"""
-O_R87DYbV0Ncp8heaUw,"""bing"""
-Nz3o4eGk3OcNevO216s,"""esri"""
-MmS6dK7tGYKu0d9gSJd,"""bing"""
-MzEaxMrOhKT09FkCu3o,"""maxar_premium"""
-MzEb-AaJZWCL4z433Kz,"""maxar_premium"""
-Nz3oMCw_eF3vbiYz22D,"""esri"""
-MywjvE0E6NhFmInd0AD,"""maxar_premium"""
-O9zPlj1565_5OAnb5TC,"""esri"""
-OMqZJTDLWVeMi_MrRfr,"""bing"""
-Mywk1-q5Jzr9bKpSH_O,"""maxar_premium"""
-OIwS1B64Sv60qKiztz9,"""bing"""
-Nz3oXHajN8XlO5T_Bvr,"""esri"""
-Mywk7ZlxtbVT3V4WW3m,"""maxar_premium"""
-O8GOT_pyMWoP_7r4JSN,"""bing"""
-OPlWxvHTJBh8zMQp7pq,"""esri"""
-OaAhFCE68Zcf_nbotX7,"""mapbox"""
-OIwWz9JAU0fjdSIHQV2,"""bing"""
-Nz5TBlg1b6n1369lOHB,"""esri"""
-OPlZ6N-jTeyQGbJMI47,"""esri"""
-MywkmSii4TdDQY98vke,"""maxar_premium"""
-MywkWe7I9lfHtvEG-zU,"""maxar_premium"""
-MywkcU8MZ6ACuUZKwlZ,"""maxar_premium"""
-MywkTgq81K7yQnbEMgr,"""maxar_premium"""
-OIw_NCdcqsMNj7olNzb,"""bing"""
-OP_yq9nlpK8tqTCx-eZ,"""bing"""
-OKfeiQz_c_J8TX4X8ej,"""bing"""
"5990",""
-MywktCDbER-hvJAZYKx,"""maxar_premium"""
-MzEroSbYfH4g6DNfU3C,"""maxar_premium"""
-MRL3frZWPOCR94ehFnp,"""maxar_premium"""
-OIwciLN-VECLkuG4khD,"""bing"""
-MzEtoZg1y05IxkNCxyO,"""maxar_premium"""
-MzEtxDK3U-Oilk1l_Fs,"""maxar_premium"""
-MzEu-OCSlawQiS-j06U,"""maxar_premium"""
-MzEu2SCldXxWdjMtXoQ,"""maxar_premium"""
-MzEu5O5L22pv8jjo3VS,"""maxar_premium"""
-MzEu7v_ny8qzKSQh288,"""maxar_premium"""
-MzEuAbpjb3gqJXeIINQ,"""maxar_premium"""
-MzEuDTwaEkXTht8OL-9,"""maxar_premium"""
-MZ3agnazrm_cAY2W5fo,"""maxar_premium"""
-OQ2smQHkECfVFspacTs,"""esri"""
-NCoQzyeTF6TVq0Jscgf,"""maxar_premium"""
-Nyx_xZWiaQbDQeEZ23R,"""bing"""
-OIwfcA-kQdkCUvVqD-r,"""bing"""
-M3vJeaT_mYLDb6rk0Pr,"""maxar_premium"""
"3610",""
-OIwgdmXRc1IRnMa7qBu,"""bing"""
-OSY14Lk4GwQo7RoOddw,"""bing"""
-OIQZAJIDXGJ9s0v7ohf,"""custom"""
-NzZ4PtFG5F_OqC74vdv,"""esri"""
-O_R8LBSSPRi67l6KvXV,"""bing"""
-Nz_ORS8PiSTiSH8E9cs,"""esri"""
-OEEd2PaK-bI8JKQ1a68,"""bing"""
-OSU3qV8AVpyw_PhRSVk,"""bing"""
-OSZB-J3fi_HdpigMa6B,"""bing"""
-OaHdngBQzxGeVpAAU4W,"""esri"""
-OEKQf4Ar5TWY5znZ3dv,"""bing"""
-NxQLDwONTJRZoQuedvy,"""bing"""
-MXpbnCCkBV03li9tsow,"""bing"""
-OJ5nJVgkI5IgEnnNxxM,"""bing"""
-Oa_hl0WiHjHeRU-Al1i,"""esri"""
-Nyx_oR0msEuXblCj6yc,"""bing"""
-OEEdrDAMnd5HzQwIFwg,"""bing"""
-OIwNVr-c48oK8icHLvi,"""bing"""
-O8Gr-PmvYiJqOiPdmB6,"""bing"""
-MzyOO6DElJBSxE5TuZg,"""maxar_premium"""
-OIqo_tAv_AtaEk-OR1N,"""bing"""
-OJKwVGAVQfSn6FxxEQ6,"""bing"""
"7256",""
-OASd6HtNfxz92S2WxJY,"""esri"""
-ORznD2IxvREaZpBo7wy,"""bing"""
"13",""
-McUKGgtIcHOML6gn7Uc,"""maxar_premium"""
-Nz_OgR9Pj2YgCv1kJQ9,"""esri"""
-M72MgxUdZGnPGMvcZ-i,"""bing"""
-M72O0Kye3FeN5omVH-p,"""bing"""
-MY6ZWPKZYZE36LnCv5U,"""maxar_premium"""
-MuQkoM7Sq8WT0KIJyJr,"""maxar_premium"""
-Nzhao6qaN3vl-LHoMlu,"""bing"""
-N-VL-_6Tm_H9AkAv94I,"""bing"""
"8324",""
"7871",""
-MzEaelHBh_uN74pP-WR,"""maxar_premium"""
-Nzi9ESKhaaGHpi25MrY,"""bing"""
-OQxyHqfjFBwBhVDv4ht,"""esri"""
-OJL92claEktUbpkBJR4,"""bing"""
-OQygZO8jmtj3G-8ZNS_,"""bing"""
-MY6ZdAf1TKdg7-5d57q,"""maxar_premium"""
-MY6ZhToVZY70_1KnSad,"""maxar_premium"""
-MPhp0EGKMtxFSO8NtnN,"""maxar_premium"""
-MmRuVlLWbTEabPjz-qX,"""bing"""
"13537",""
-MxA130EfjA0-cc59Szb,"""maxar_premium"""
-Mm97VREX7cp0A5Q64EP,"""maxar_premium"""
"7125",""
-OKkIe9Za_4bSxRXQnwn,"""esri"""
-OAw9uWY3s91-kSNq-fi,"""bing"""
-MY6ZuzalQaU6RA-pKj4,"""maxar_premium"""
-MDPa-GZTE7aQWyNGcdo,"""maxar_premium"""
"6646",""
"7064",""
-M72JjCmczldZHBIU8DF,"""bing"""
-LqcAyzHkFF1_cu2tIpf,"""bing"""
-MDP_XGkfBoC70x-rQLu,"""maxar_premium"""
-MzQGLRXHkiPtemstALI,"""esri"""
-MmS0OBhH0p690YGNV1o,"""bing"""
-M4tYOheMnj6tPjF7y4Z,"""bing"""
-M4tYl5K6j_eWLTkuWOL,"""maxar_premium"""
-MmS6DnJw4zoOKYR2cAI,"""bing"""
-M4tZ7QskvOeAbZfV-IU,"""maxar_premium"""
-MDPaepDRsDAcaj2Q13x,"""maxar_premium"""
-MywlSU6dCFe4Hsn-CZJ,"""maxar_premium"""
-MywlP0LjntF25oKZlgb,"""maxar_premium"""
"2671",""
-MUgdqnL-Ezh81syokDL,"""maxar_premium"""
"2978",""
"3440",""
-MMQnoVtmXIZ5Spvd3ND,"""maxar_premium"""
-MUOPV8fsipPnqeYATR6,"""maxar_premium"""
-MuW0G4x4w41LGwm3QjG,"""maxar_premium"""
-MywlYZi00pjxroYw_tH,"""maxar_premium"""
-MzEs206hgB9SHcsBCCR,"""maxar_premium"""
-MzEs4pMTVsROPclmV-q,"""maxar_premium"""
-MYokCIEqmWgjbfQB-Oz,"""maxar_premium"""
"5",""
-MuQkun1SAf2umNTQWuZ,"""maxar_premium"""
-MDP_hMQtvzkt8J0__yi,"""maxar_premium"""
-MT_eOjmHrdm20qyF3a5,"""maxar_premium"""
-MmS6Xlnx_P-9e1KIoK8,"""bing"""
-MzEsG6RapAd4pET23CS,"""maxar_premium"""
-MzEsDViEeQTvBYooeHW,"""maxar_premium"""
"8824",""
-MQs3sGhfB1qM1dbRyIl,"""maxar_premium"""
-MkNHihYozmqELAZlPo6,"""bing"""
-MR4N8JGVBqNVeKKxwmX,"""maxar_premium"""
-MuW07Cru19G12ZzyXlq,"""maxar_premium"""
-MzEsR0gaBsyagCtvjvB,"""maxar_premium"""
-MzEsbrJ8MwAFl0KARn5,"""maxar_premium"""
-MzEsep1Fd9AvMP9qHiu,"""maxar_premium"""
-MzEshrH3sDrUSzeHALc,"""maxar_premium"""
-MzEsNoWxjJKTSy6g5Vd,"""maxar_premium"""
"2473",""
-MS0d4QArhW_bQj3jriL,"""maxar_premium"""
-MYokLVyqGm0xCJxSTCu,"""maxar_premium"""
-MzEsoFOWIt403FuGXcC,"""maxar_premium"""
-MzEsrdsHZAw62hJDNGo,"""maxar_premium"""
-MaaL8P1n54nE978Z0QR,"""maxar_premium"""
-OX3DJz1DmbbeDIcSm2A,"""bing"""
"6027",""
"6794",""
-OJP7CwaqGS441PqJK5G,"""esri"""
-MW4kC6It8Ir5bJqOOuh,"""maxar_premium"""
-MXDSpq90GCO4MQCmoIz,"""maxar_premium"""
-MxuKEABaIRO1bvsDGpM,"""maxar_premium"""
"7605",""
-MMQo5h6IibHXVPLpMlx,"""maxar_premium"""
-MYokQUtRReEaRWEowjX,"""maxar_premium"""
-OKRpNjaOISUBexQxdYE,"""bing"""
-OKk4ggKweUmTEZ2NyCo,"""esri"""
-Nz5TstmsUhJzgAEZAbJ,"""esri"""
-NziNIJqWbuYIt717K4S,"""esri"""
-OLiXUvlxhexY5ZrmZTo,"""bing"""
-Nyxa6-TVzSFQfyo-YWO,"""bing"""
-OIwN7K8soDvgekUkA_r,"""bing"""
-MxZ2iDZR3ytVJZCrvrC,"""maxar_premium"""
-MzEsuk1iuunFpyO-Wqi,"""maxar_premium"""
"2020",""
"2158",""
-MxZ2pogYGEF8mcDQQB4,"""maxar_premium"""
-McUEs7-TjckewkPTo26,"""maxar_premium"""
-McUF-LBbswwS4RDxonq,"""maxar_premium"""
-McUF3b8kLyKweEwnXlY,"""maxar_premium"""
"11",""
-McUF9hTKtopI9qSJTK9,"""maxar_premium"""
"3121",""
-MSbZcByPbaSQqEO7VYt,"""bing"""
-MzyOFn9O4bs8EmRd83r,"""maxar_premium"""
-MXDNRpMiw1Afg1RUMt2,"""maxar_premium"""
-Mywj82NZ2cyBVqEEs22,"""maxar_premium"""
-OAwDZPdcXmiX66xBfc4,"""bing"""
-McUFPRSDukQRcMroj0u,"""maxar_premium"""
-Nz5UAFX-L7aShuMapAH,"""esri"""
-O-LCZ_RYUtjvm-PZOKa,"""bing"""
-ORjayk7JY8ofAFQPjIX,"""esri"""
-OAwE6q4Z615C6Bfhdkm,"""bing"""
-OJPIsvAASrKeG_518wI,"""bing"""
-McUFSuifCN8AN2NLuTr,"""maxar_premium"""
-McUFXllcaskz7HIXJuw,"""maxar_premium"""
-McUFad3umTlv59gQOeU,"""maxar_premium"""
-OUnc_hUvzqoPEi7N_ii,"""esri"""
-OAwF-1qRPBF461Yob-i,"""bing"""
-MzEsxcR9aI-3_n_7Inr,"""maxar_premium"""
-Ob2ReAsj1eJLbRLQUSc,"""bing"""
-OKVyAKY0HoSirst0X4M,"""bing"""
-MzEt2XiUL3iobmWU6bM,"""maxar_premium"""
"2",""
"9",""
-OJPMqIFPQd5lCzAZIMQ,"""bing"""
"798",""
-OAwG8a_yv4qOO2RFy5X,"""bing"""
-Ob2TfdX2tTatRQvuGXE,"""bing"""
-MYpILAxFcXsBNT3dg2u,"""bing"""
-MYpIaDs-HRU00jcCYZS,"""bing"""
"1788",""
-MmS6NOFDBFfndTSb3E6,"""bing"""
-McUItG9Pqq9O73JC6uI,"""maxar_premium"""
-MiWdSjXf-6AAwb6L65e,"""bing"""
-Ob2UtglnlT8vuhoOwtW,"""bing"""
-OAwI1D-2ftTmlhApYBl,"""bing"""
-MA2-lo9t83j9zbSfvv9,"""maxar_premium"""
-Ob2V5yHeKJtVp8_VDG7,"""bing"""
-OAwKILUwvyFm_VWtOD8,"""bing"""
-McUKKpUUPX4XgzOMIP8,"""maxar_premium"""
-OIwaNIhkRMaxoDXnO-6,"""bing"""
-MDPa8VGneof64jWXRFP,"""maxar_premium"""
"407",""
-OAwKZ9JU63uq4jmT7TU,"""bing"""
-OIqpRu0OahgwmS9yNZy,"""bing"""
-MzEt-glDbKhCg7BI46X,"""maxar_premium"""
-NFNr55R_LYJvxP7wmte,"""maxar_premium"""
"6628",""
-My6yj3hAfYQmYWOWH6M,"""maxar_premium"""
"4877",""
-NH0GpIGfF2pu7V_sPnP,"""maxar_premium"""
-MYHDzx5mGJj3WByHSGT,"""maxar_premium"""
-MfYlVBxwillx3vwWKda,"""maxar_premium"""
-MfYlEVre_8S-6NXlNij,"""maxar_premium"""
-MelMFvA53QPNtCIA3Ee,"""maxar_premium"""
-MfYlIFv3pnM5BTuxtmk,"""maxar_premium"""
-MfXYqNCJoH3WjaKnA-T,"""maxar_premium"""
-MfYl68iCZOCWwHFpRRG,"""maxar_premium"""
-MfYldcld82cUhamZfn0,"""maxar_premium"""
-MelMwiNav6N1pInCXvX,"""maxar_premium"""
-MywjBUszB0qWLkCnQAq,"""maxar_premium"""
-MfYlNqCTMvmXmy9w-xD,"""maxar_premium"""
-MyRgfhPnwsXJ9nI7CFM,"""maxar_premium"""
-MfYl_7lyALQSZY5M5k2,"""maxar_premium"""
-LwnXm7GfRqXJdoENffY,"""bing"""
-MyRgp73qnI66EXNzrqt,"""maxar_premium"""
-MuW_C0bi2JS-KJ_MyT9,"""maxar_premium"""
"1166",""
"6807",""
-MYHE5tljctT1KtTQz3e,"""maxar_premium"""
"8216",""
-OAwNrjNBsUsjDeoHbWD,"""bing"""
-Mr2Ijp1qyQxINrYYZtR,"""maxar_premium"""
-OX3D_zxNtxclDuChKCg,"""bing"""
-MmRuDxQwh9GozizPjt0,"""bing"""
"1901",""
-OGZIJTjBiKhtN3h5GYa,"""bing"""
"5291",""
"5061",""
-OAwS4w5xX5_EJUZzXvU,"""bing"""
-MfYlrVK_ubB8xExAEM0,"""maxar_premium"""
-OEEeMkS8mQQGvbB-z44,"""bing"""
-Mr29S7wV6M3wsK1K-iK,"""maxar_premium"""
"7056",""
"8059",""
-OAwUY_RueJP67UGcyad,"""bing"""
-ONUmqNZ-RNDyUkXscp4,"""bing"""
-MuW_J3M5o89wNCrsEyo,"""maxar_premium"""
-MuQkznWxh1Ux3wjqT4C,"""maxar_premium"""
"13621",""
-MuQl6469jlDBG693xh9,"""maxar_premium"""
"13625",""
-My6yto6GsAipJJYQTOk,"""maxar_premium"""
"8827",""
-MywjEmstYDq0UlNaY2W,"""maxar_premium"""
-MYpIhzTbhWr45H2ag-Q,"""bing"""
-O-k29apT1Q8V8IAMrkS,"""bing"""
-OAwWv9rnJqPXTpWxO8-,"""bing"""
"8695",""
-NwG60qGyY7vzfTASRxd,"""bing"""
-MZ9dfWM4I3VaVq7KPRK,"""maxar_premium"""
"5688",""
"6637",""
-O-p4wpX1yaqqcXXOH4T,"""esri"""
"8966",""
-M3pR0wGCHnAXS3si9tU,"""bing"""
-MYpJcloHSIUajB1z73F,"""bing"""
"13551",""
-O-p5R-Wahq77oOtwyfW,"""esri"""
-MfYlvpZ4sTXZm3AvewP,"""maxar_premium"""
-M6VE1Zwm2yQ_NPKb3HL,"""maxar_premium"""
-M72KuImtG3xbuuSV_vi,"""bing"""
-MHkqbKEatWn2GjhEt3M,"""maxar_premium"""
-LwEwF6_Xuwhp2QMloaj,"""maxar_premium"""
-MYohh52hLh7Ml1UWFYK,"""maxar_premium"""
"13510",""
-M72LJhG7KuahZ0vWA6i,"""bing"""
-MxZ2yA0nIEpuvALgNWd,"""maxar_premium"""
"9506",""
"11161",""
-MpGkWIjxhWl8b3ojLOw,"""bing"""
-MpLwwl5wVHRJSh6Wje7,"""maxar_standard"""
-MYHStNa1fHgcrQEx_T8,"""maxar_premium"""
-MpGkngZXcpyDm1zoS0B,"""bing"""
-MzQC3aU6HEP6r-oNRbG,"""esri"""
-MuQl_gCjN3l6k1kiM9S,"""maxar_premium"""
-MpGkx7Y8rdLMtIV7a-7,"""bing"""
"9865",""
"13567",""
-M3vL1lxWrMqYsSUDGjC,"""maxar_premium"""
-Mywjkj5Ng2R4svjO856,"""maxar_premium"""
-MhDywNOUskpHipv00J3,"""esri"""
-MAzmosnImwK0WMw1MwT,"""maxar_premium"""
-MYHDh0YfceU55hGPtgF,"""maxar_premium"""
-MY6YKbmFbfyKJ2uYj7T,"""maxar_premium"""
-N6P9N6mI_U0UhuUTT5I,"""bing"""
-MHkrLZUJbDnBAKVS4_0,"""maxar_premium"""
-MYHTF9-rvUuycYXL-NP,"""maxar_premium"""
-MzyOQy3AjTMCK8lV3op,"""maxar_premium"""
-N0jwmFrL_u6590CFvIZ,"""maxar_premium"""
-MYHSnLzSRJZxVCzHzol,"""maxar_premium"""
-MzLV2kSuQtZ2utSG3zw,"""maxar_premium"""
-N6P-QAtJ7HO4Vwfr8OL,"""bing"""
-Lqg4JAhZmg_E_mcvwd_,"""bing"""
"13559",""
-MfYlzwdZDkjR5IU0-uW,"""maxar_premium"""
-M72Moz6glm8WMZjSmxj,"""bing"""
-MhNjHcA_ZHWTZCMsBGj,"""esri"""
-MygzunCCqPz1eWxbV86,"""maxar_premium"""
"9688",""
-MzLWMCa-knmjrsHa5GE,"""maxar_premium"""
-MxZ39jizQ614QOjE__I,"""maxar_premium"""
-LpezKdBTyaTS0Ti3ud_,"""bing"""
-LtfvwuH21Frm8sHyd5N,"""bing"""
-MqP8iwsIsB418UzX1cQ,"""maxar_premium"""
-Myh-XIcDgGy12BKNth1,"""maxar_premium"""
-Myh-9XDRalzX-CWzIa9,"""maxar_premium"""
-MYHDmkVT5rhB6Dqq1OH,"""maxar_premium"""
-MiLxy7rpN2r4WlExEhP,"""bing"""
-MuQlCak2QvcJQsbe96O,"""maxar_premium"""
-MYHDtQPSC2SzvPVbOGO,"""maxar_premium"""
"13545",""
-M3gZ8ZahjGSapzTQXIh,"""maxar_premium"""
-M3qjd7K6ieCYWQb5xdc,"""maxar_premium"""
-Myh-xrf6AL4eGxHG9_3,"""maxar_premium"""
-Myh-pnI9-QEklG78eps,"""maxar_premium"""
-Myh-mHwC_aMd4N81P_-,"""maxar_premium"""
-MhdfeNdF0Lv7iKMwtyP,"""bing"""
-Lwdj1GTdJBx_1Cf8IIH,""
-My7-hSpuISeuXocTMs5,"""maxar_premium"""
-Mr28xZ5yTmPqzi571do,"""maxar_premium"""
-Mr294A8AaBuZXm2ESSL,"""maxar_premium"""
"9328",""
"13516",""
-MzLW20TRnS-HUSgfQTm,"""maxar_premium"""
"3906",""
-MYHTRu_iRtWU3Q2-lrZ,"""maxar_premium"""
-Mhwyl56McWozAfF1fLg,"""bing"""
"13521",""
-Myh2pYgCtyo6TVaG3d2,"""maxar_premium"""
-MV_TA4pV4iQcwto8nqT,"""maxar_premium"""
"13557",""
-MYHTLBsTDVZEBmWq8-l,"""maxar_premium"""
-OISSPVOIk5or9okx9AL,"""bing"""
-Myh3464xYGXrkMbMhZK,"""maxar_premium"""
"13529",""
-Myh3DIdkRWJ-hnjgAz9,"""maxar_premium"""
-Myh3IkzXcKdI-DpnmhQ,"""maxar_premium"""
-Myh3QGrLK6WE-1e71lj,"""maxar_premium"""
-M7nTbT5ar-tkOT_Gheb,"""maxar_premium"""
"11477",""
-Mx0_479a3w9FD9oMv5o,"""maxar_premium"""
"13535",""
-MMQnefNJ7w66vhEr4i8,"""maxar_premium"""
-MxZ3rwmlcl4nj3anVfO,"""maxar_premium"""
"10707",""
-MiCq59HzQ-nPJJN_Fc2,"""bing"""
-M72NMMBgka8e_HSidDM,"""bing"""
-MzLWEKJZpRs39VtEQgc,"""maxar_premium"""
"13532",""
-MzyOKXoZ6xMdQYlNpgf,"""maxar_premium"""
"11008",""
-N0eLzIEU_RWJ2bZFVPV,"""custom"""
-MYHTaP0EjYx3n2_6232,"""maxar_premium"""
"10088",""
-MxuOcF64p72sywz07h6,"""bing"""
-MYHTka8aE8qsr4wrV3w,"""maxar_premium"""
-M3pVDFo2CkKiRMWdsOA,"""bing"""
-MYHTgEvhIenEhWwOomC,"""maxar_premium"""
"13505",""
-MxuPfkJp-w83wt2LT0v,"""bing"""
-MYHToDQFsLjpi0eybhE,"""maxar_premium"""
-Lw43cMEFC0TeRH21LDK,"""bing"""
-MxZ3zTYKbdgCrdH9i6s,"""maxar_premium"""
-MiRoKzEEG05qSZb2L8r,"""bing"""
-MYohYiipp2mOiQgHIk7,"""maxar_premium"""
-MiW0B5DfmL7OF0Hn2Tl,"""bing"""
-MiWd3975tMyPgkgpE4J,"""bing"""
"13511",""
"13573",""
"13577",""
-MiWdb8LfAOWN5ajU3OO,"""bing"""
-MiR5RA-m87bPmNwsbFR,"""custom"""
"13587",""
"9487",""
-MiWdCPyqTBj9fb1a--c,"""bing"""
-Lq2dv1h3Zqt5IePB_wT,"""bing"""
-M3vLcGnbYKy9Mq6EGmp,"""maxar_premium"""
"13601",""
-MiWdLO6txBtYtoP6Kc9,"""bing"""
-My6zBjwh3_bEasOgLID,"""maxar_premium"""
-Mj47Mk-DGY40GoArSqe,"""maxar_standard"""
"10460",""
"13579",""
-MkNG2iM8OLKrB2d9mfu,"""bing"""
-MyRgc8gur3goZ0xYW5f,"""maxar_premium"""
-My7D62ZvqLpzjCvihPy,"""maxar_premium"""
-M72M01BqRKiVWm0LQln,"""bing"""
-MDPaZDoxQ-JGVhi-P5T,"""maxar_premium"""
"13507",""
"4355",""
"4543",""
"4743",""
-MkNGJ3QvL8VQTDggTTR,"""bing"""
-My7-mAOafUNh_r3jLnI,"""maxar_premium"""
-My6zGRLzF0evwgIyiwU,"""maxar_premium"""
-MkNGWrapdPpdlA7zKtP,"""bing"""
-Mr29vTjX3wCzR0VS4Dg,"""maxar_premium"""
"5368",""
"5519",""
-MYok-qQUg-MXO-gwIUB,"""maxar_premium"""
-MYohyW6d8VOkNGDfalJ,"""maxar_premium"""
-MYpFUxO0Fh8W7SaZfhm,"""bing"""
-MYoji7PkZiTjHhyD6jK,"""maxar_premium"""
"13549",""
-MKKJJ3ehGk3MIoTYh7j,"""maxar_premium"""
-MxZ6P7VVkVC5zEfqMzh,"""maxar_premium"""
-MkNGnlptQdyTHmUlDHI,"""bing"""
"6310",""
-LtQJFvWAq2K-F9y6g3N,"""bing"""
-MfYlhcf2xKfyhpP34ug,"""maxar_premium"""
"13523",""
-MYpGTzVV6FX6_dfHGbl,"""bing"""
-My7DBNRuWcWksNWi-MC,"""maxar_premium"""
-MkNH_4jQS5kJGCrQkch,"""bing"""
-LqcAjMnzC2LNHG9gZpf,"""bing"""
-MMQnyE7lvpz61Y5Fzu_,"""maxar_premium"""
-My7-q22mANpIaP89G-m,"""maxar_premium"""
-LswDhwz539kNhkd-Pbe,"""bing"""
-MYpGhYwX7M7qm6ZHqL-,"""bing"""
-Lq1Bbtgk1YyhES59CeU,"""bing"""
-M72KKy41bxFsCqgTTab,"""bing"""
-My6zR6lzzvnqmk11iS5,"""maxar_premium"""
-MkNHq5dLUskDVHcEp-G,"""bing"""
-My6zVbAHLtsXzX94nIq,"""maxar_premium"""
"13519",""
-M72MFafl5G9yJGkqkJi,"""bing"""
-Lq1da-ZcWdyuyU_CoyA,"""bing"""
"13526",""
-MYpHUA5MUKhgVY3e3xa,"""bing"""
"13522",""
-My700N0JeQxlx9U3Tid,"""maxar_premium"""
"13524",""
-MYpHzCuAYMjq9kvIqyk,"""bing"""
-Mr28mYQrcCXCf4ywSh6,"""maxar_premium"""
"13561",""
"13531",""
"13543",""
"13553",""
-MYpIFAI6cqIvFlD6ZXy,"""bing"""
"13555",""
-My7DL0HPo4Bd5KGOJuM,"""maxar_premium"""
-M72MtOMyrWnKvNi2ol4,"""bing"""
-MYpISipkC20CnB4k4sR,"""bing"""
-LwdiPYlWF-d-fCcCzcm,""
-LzbFKTlfNQZRjDFuQZ0,"""bing"""
-MfYm2zI90LQhCUujLHM,"""maxar_premium"""
-LqcBEbq8XD4ROk1v-ad,"""bing"""
-MuW-ImJVOPopATl9QAY,"""maxar_premium"""
-M4iC3Hn6OYUQ765hD5a,"""maxar_standard"""
-MYpIpOWPyf-E1j3xh_U,"""bing"""
"13563",""
-MzyP0rJuLwSfSNtoont,"""maxar_premium"""
"13599",""
-MSbYtX25-JCQKdDVr_W,"""bing"""
-MYpJKlvkTPoY_4SqSxX,"""bing"""
-Lq23BukG8Wi0hd-8sVg,"""bing"""
-MPhlyKFW5e2k30fBptF,"""maxar_premium"""
-M1jlD_AZFn33xVvx5VZ,"""maxar_premium"""
-MzyOysDoc54fhx3KYBg,"""maxar_premium"""
"13536",""
-M-UgYLzlYHTkdqpX-sj,"""bing"""
-M1k02o3TaPJPrjaKnmN,"""maxar_premium"""
-MYpYtxMZaYTie6a3qWC,"""maxar_premium"""
-MzQE0f5HRdwAheBxqNR,"""esri"""
-LqcAOH_ROmro3QKpLy3,"""bing"""
-LvtbMKfPw_HPQ4soTL9,"""maxar_premium"""
-M-B8BBcxFFkrlnm8MwG,"""bing"""
-MzyOTcwYNIUxgwVknpP,"""maxar_premium"""
-MT_e-WPtq88SnPnSznD,"""maxar_premium"""
-M2DFkS7CxsHeOqslP0t,"""bing"""
-M5g6NinGF8hWSsBSn2y,"""maxar_premium"""
-M2tCzTPsfnLldgUKFOw,"""maxar_standard"""
-M1jlEKtUM3cD4hiOfeW,"""maxar_premium"""
-M3pQfDy7lOzd3FkceRZ,"""bing"""
-MxZ4CiUCdX4y_ih_lNj,"""maxar_premium"""
-M3pUzrDtOiGFIo-HP_I,"""bing"""
-M3pUkE12AxegWtyTgvD,"""bing"""
-Lqg3sMwNMLk3jqUNyk_,"""bing"""
-LvtXvZfoEZ3W8VUEHCt,"""maxar_premium"""
-MAT2N_xj2xYPJ9z18Hz,"""maxar_premium"""
-M5fI04Pg38OZBQsk0ks,"""maxar_premium"""
-MPhp7Wsw-AhNgEHnAgw,"""maxar_premium"""
-N0pI_0udeq60a7Jp5o7,"""maxar_premium"""
-M5g4k3hIfLESOfRRYio,"""maxar_premium"""
-M6oHJ7JCN8_MpMhWnUD,"""bing"""
-M2DFUMOoji42pUxmyG6,"""bing"""
-M3gZSapjS9BN-Ex_-LT,"""maxar_premium"""
-MYpKo_ne4UkHubIaNU7,"""bing"""
-M72MxdcFOiuJyEB93Ys,"""bing"""
-M72LYqg_0A7HUI_VHin,"""bing"""
-M72LEFTHk5CDghNJSIX,"""bing"""
-N0pQCTrEQJVkjgIp0jz,"""maxar_premium"""
"13585",""
-M6oI6DFDzC--0ofLWG5,"""bing"""
-N0pQGqVaz0Tcu20yq21,"""maxar_premium"""
-M72LjTIJoqb3J_DkthQ,"""bing"""
-M72N9nR3_5qO4aVE44y,"""bing"""
-M72MLGfKZ8TQa7mbVa4,"""bing"""
-MxZ3H3gFbWaYyDshPYI,"""maxar_premium"""
-M72LQ1A_FEMBPq7GrsY,"""bing"""
-M72MAfY6W20wryA4vPD,"""bing"""
-N0pQWDGE24tPoRkcoDa,"""maxar_premium"""
-MOpPOd2ZCXg4WDupCUj,"""bing"""
-Mtnp5Rlx5n_tF5KNdjF,"""bing"""
-N0pQLOJffXtbFyA53D5,"""maxar_premium"""
-MY6YgirlZ13Yyr1CdTP,"""maxar_premium"""
"13571",""
-N0pUn34j9F82VFxWnuA,"""maxar_premium"""
-MxZ3KMbkVy-HY1Vzqyl,"""maxar_premium"""
-MxZ3DS8XqLwmLoRjG0p,"""maxar_premium"""
-MuQlIvQwcfmnbKAcfR2,"""maxar_premium"""
-Lwdhk8Ui3s2ah7IGBJi,""
-N0pUwhhJCNbHZRTxuF9,"""maxar_premium"""
-Lqg4858fzG08hEpTDZ_,"""bing"""
"13581",""
-M6oHeD4lcDzDbICsecw,"""bing"""
-M6oIMlNjnH47NMNhrzL,"""bing"""
-MYpYct4Hl9qxYE9DBfX,"""maxar_premium"""
-N4ngOs2hqdnImDRJQ13,"""bing"""
-MPhmCo7GTkWanagZJTQ,"""maxar_premium"""
-MSXRZqF8sOBrAf3t4P8,"""maxar_premium"""
-N0pV-HtNHsdfUOUYGCC,"""maxar_premium"""
-MYpFiovwzOR8Xs6vqxw,"""bing"""
-OQ4TwyrE0oUVjFuD_Vu,"""bing"""
-MuWPmS47lcxkjIW-aBo,"""maxar_premium"""
-MuWPvm-KvHLkzNipA8c,"""maxar_premium"""
-MuWJ835dxR36PE5rX25,"""maxar_premium"""
-OQ4X6Yq0SlfSzoBND4A,"""bing"""
-M7NMmZX-wKpA_ISuoaB,"""bing"""
-OQ4XutJAnk0Igkvi-AH,"""bing"""
-MOBNNnNtyywRd59WU8B,"""maxar_premium"""
-MYpFsBbkK5DO8auPwCZ,"""bing"""
-M-982CNy8PhwVLiP31L,"""maxar_premium"""
-Lqg3dVRGLDl3REy7LaN,"""bing"""
-OQ4Y6VsJl0GdFWQiRXQ,"""bing"""
-MHkph0BK0hsuxVHieeN,"""maxar_premium"""
-MY6YzFgHK8rXAb3Znh5,"""maxar_premium"""
-MYpG4t7RffMs1auSPU7,"""bing"""
-MY6Z72XcTtrNHYecqvO,"""maxar_premium"""
-M0naNA4pa4KJwmoecb5,"""bing"""
-M2IQvHOILt7YhZvQe5f,"""maxar_premium"""
-MYpYjubDcE_gVj37ZKb,"""maxar_premium"""
-M4iCLzH0PGwXDcoFfAm,"""maxar_premium"""
-MYpGEDyxSale-t3wXp9,"""bing"""
"13534",""
"13575",""
-MXDMx5s-flHG3tHHn2x,"""maxar_premium"""
-MMuvwDSRvtNwouyNmZv,"""maxar_premium"""
-M4iBWDEOP-tacuGcJHH,"""maxar_standard"""
-M0YhEbg78Tq6DS5krLd,"""maxar_premium"""
-MY4Lommj_aBEyTKoAPG,"""maxar_premium"""
-N7ytoE014x9SQyl3qLO,"""maxar_premium"""
-M4iCk7TG90Dipvl8m4y,"""maxar_premium"""
-M7nTXa6i8y509rqt07W,"""maxar_premium"""
-MYpGar13qp_6BIxO71c,"""bing"""
-M72Ka341TBSse7YALL_,"""bing"""
-MuW-d2fqsXC_uRmhtIL,"""maxar_premium"""
-MuWhByw83oqsEhrB3ST,"""maxar_premium"""
-MuWZRmszkTj6zb_FLqy,"""maxar_premium"""
-MuWZKQBHUaslQAuzBcx,"""maxar_premium"""
-MY6YukcDPKuXYzAk62o,"""maxar_premium"""
-M72NT5SdLVLrWV7koY4,"""bing"""
-MSbhPAmiZsBgtN5dZ2j,"""bing"""
-MuWZjDvAKqujzbKTACk,"""maxar_premium"""
-MuWZqQl6hpxbiS9CF4d,"""maxar_premium"""
-MuWZDFNtlTTXxbW4wIH,"""maxar_premium"""
-MuWZ_E-hYxAa5ITn9gT,"""maxar_premium"""
-MHkqnTyugRQBEs3aMv8,"""maxar_premium"""
-MYpGpnWoP7wRFaf5--a,"""bing"""
-LswEQr9igJA9vYRuRsN,"""bing"""
-M72Nin2R9SNLljQzwu-,"""bing"""
-MUgg8gNdteCgU3HOzc4,"""maxar_premium"""
-MXDN8zX43T-h4fc78Wm,"""maxar_premium"""
-M72Lr6QPjv5c2PLOqpP,"""bing"""
-Mr29iKLbeW9cwYyUgK_,"""maxar_premium"""
-N0pQ_DRD_1mOWlDCfu_,"""maxar_premium"""
-M-B6sOUyQMW3zd_fpFg,"""bing"""
-MPhotjemX8KzF7agrsK,"""maxar_premium"""
-MYpH0IQYZooeORv5ZcT,"""bing"""
-MuW_P3DLbxXETcthN_k,"""maxar_premium"""
-MZ3boxiyEyFf_LV7rQ_,"""maxar_premium"""
-MZ3bbrq2uW_rubiP37y,"""maxar_premium"""
-MZ3bXnCPpqikcrlYO8e,"""maxar_premium"""
-MZ3bh1ZzHnCw1NrhpY3,"""maxar_premium"""
-OQ8SZ2UK0s0wovobiFE,"""esri"""
-LqabAKsyuryi62ZMhS9,"""bing"""
-MXDN29cil1dzoZwMbwn,"""maxar_premium"""
-MxZ3w8FTwceYIP8qXlH,"""maxar_premium"""
-MuXd2mFqlt3W1UqA9v1,"""maxar_premium"""
-MxZ47z6AKJOK-c16BSg,"""maxar_premium"""
-MNTalGJvUaJ6VyqckHW,"""maxar_premium"""
-N7ytu0ucJKNxWOKUhX9,"""maxar_premium"""
-LyF6alvYMJtseAl8XTI,"""bing"""
-MMQoFQhd1HE2z_Kv-K4,"""maxar_premium"""
-M3pRqSU9FjJdfQOUb8j,"""bing"""
-MHkqxWhtBs48FjNAEqJ,"""maxar_premium"""
-MxZ4uwhXIVy0n4pQFD8,"""maxar_premium"""
-N7FZJEEn4iIDT-jz4J_,"""custom"""
-LtQIDdhhOOBGsmmUkgZ,"""bing"""
-M-98CDeldA_XkOKO5kW,"""maxar_premium"""
-MxZ44DllRkJFud4dxeU,"""maxar_premium"""
-M72M4orL-sxrpGlE63l,"""bing"""
-Mt8h8hdptZ3AMwHxTd0,"""maxar_premium"""
-MHkpZxVwaOpTuWc7abW,"""maxar_premium"""
-MKKJ9ie0u8RQmRXQkmU,"""maxar_premium"""
-MSbhcval3LzFxy53DOW,"""bing"""
-MMQoe4rxFBTg6GqYdYw,"""maxar_premium"""
-Mv4SEfo6NwzCqy6YGby,"""maxar_premium"""
-MXDT1UQUwSc11S60HCM,"""maxar_premium"""
-Mr29pFuQu_R-eFSZl2_,"""maxar_premium"""
-LtQImYbmSbm3LWkEKWP,"""bing"""
-M7nTRBXXs6FpGOMZWWx,"""maxar_premium"""
-N7ytz8Rp6ftFytgN8mC,"""maxar_premium"""
-Mr29AoqTEaKsT-xjtSM,"""maxar_premium"""
-NAu3STIpdxe5lHOI7Wd,"""maxar_premium"""
-MSbZPdBpTMJHl0-rPGe,"""bing"""
-MuQlgv1N07acT1RnRDt,"""maxar_premium"""
-MuWIaHEY4nhu9hBBco0,"""maxar_premium"""
-N2RwLr1-QWoirplWaRS,"""bing"""
-MA22PVJQUSJy6RrzzDc,"""maxar_premium"""
-Mr29X2JmkslqqMGuq3V,"""maxar_premium"""
-Mr29bU3XpN9dofc15IK,"""maxar_premium"""
-M72KkFcogr0AcVBD59c,"""bing"""
-MAzmv9PfvklacIPNK6h,"""maxar_premium"""
-MwfOIWwk9UHoEoM8Mny,"""custom"""
-NAz7ID9WPaWojS6qKUd,"""maxar_premium"""
-MwQeTpsibj335Qw-iUw,"""maxar_premium"""
-MwQdOKfDbLMta6-1944,"""maxar_premium"""
-MwQdiA1eJE7eT98m62b,"""maxar_premium"""
-MwQegdGfNUpbVFKn1ZT,"""maxar_premium"""
-Mr2A627it7oo4NoQ7iL,"""maxar_premium"""
-NAtq9tzCXhNOo3H-Oa1,"""maxar_premium"""
-MuD9UPO8aYhp5j42v_I,"""maxar_premium"""
-MxA1NkjrrFEG4HfVx2Z,"""maxar_premium"""
"13565",""
-M7NLQ2vapL_0EIIqleL,"""bing"""
-MNTbBsM6OiQUVS7WnUa,"""maxar_premium"""
-MuWIilhUKnrPsrSgNSl,"""maxar_premium"""
-Mwg5JAJvw-OUcNd6jpb,"""custom"""
-MIYy4UgMBJ29WqBBQby,"""maxar_premium"""
-MzyOlEElvo1pyDzOdUL,"""maxar_premium"""
-MxZ5oYE0zow_JWN9mGR,"""maxar_premium"""
-MA2-qm71yCVAxnGeqVy,"""maxar_premium"""
-MPhmQTpaGagNGPMaxIG,"""maxar_premium"""
-MuWQJBbwAS4HJq3MzZ2,"""maxar_premium"""
-N7opz0eU4s_xA2DQPbv,"""maxar_premium"""
-NBBnCTZGG3QQU6Tfaas,"""maxar_premium"""
-MMQoVxHndB54UjueeQ-,"""maxar_premium"""
"13520",""
-MA2-eelpkIPWAXco7Y6,"""maxar_premium"""
-NBBu7LyEDxGX_wjc3Vm,"""maxar_premium"""
-MxZ4NSGcxJaME-eVqxT,"""maxar_premium"""
-MHkr9PYxF2YlULGFONd,"""maxar_premium"""
-MxA0unzbk-WLnSGvH7b,"""maxar_premium"""
-MxA18UTrpugfGj7kGZu,"""maxar_premium"""
-MHkpF8WNmWnpOsbx89r,"""maxar_premium"""
-MTofph_L0D_Gyf3505o,"""custom"""
-MxA1EJGC5H2DKJT5iLh,"""maxar_premium"""
-MxA1J-6s1u06uaOziY3,"""maxar_premium"""
-N7ouTxJgjOJ5K-ztKjO,"""maxar_premium"""
-MKKJ-kLMLRQSIWv7Ajs,"""maxar_premium"""
-MxZ4H2Q_Z9MQ22uHJZz,"""maxar_premium"""
-MxZ4p1iC4kPHaenQqtw,"""maxar_premium"""
-M0Yh-1mBthIeHb6WpKl,"""maxar_premium"""
-MXDHt6YaJSYRwZAOHFW,"""maxar_premium"""
-My6zbyVTpUaltghuVx0,"""maxar_premium"""
-MUmCzPW5_RmI7zg_G52,"""bing"""
-MZ3dwwyu1--mTC3S5Im,"""maxar_premium"""
-M2Xfj3-mp8jg4btFA3f,"""custom"""
-M3vNWAGsw7mEIobLH5m,"""maxar_premium"""
-N7oubBSMHaAtbZwMpZB,"""maxar_premium"""
-N6PBC0e_nzrUnNrGWxu,"""bing"""
-M5g6y83eizaQAL5TZ-O,"""maxar_premium"""
-MZ9dQYKFpAI6qV3qWaO,"""maxar_premium"""
-MYpZ2_bMVsiUj4DJA62,"""maxar_premium"""
-M7nTGflMusNxFd4iSfD,"""maxar_premium"""
-MYohJLjUY-hGdJ0wA7y,"""maxar_premium"""
-Mr2FRd3Q1yhPrvf7Yn3,"""maxar_premium"""
-M6oICZtdwEPzqVCg-jk,"""bing"""
-MPhomg-OYYmehdlws2W,"""maxar_premium"""
-N7oun7AuLVdo2tVoYI1,"""maxar_premium"""
-MHkrEvUgsBx6G6QOo8-,"""maxar_premium"""
-MxA1YCbC-d965Ef2uOC,"""maxar_premium"""
-M72N4cCWYLlkLsSBAQr,"""bing"""
-MuQlN_1fvY62Bh6n03b,"""maxar_premium"""
-MxA0gkgfJ5UXC4nwiQd,"""maxar_premium"""
-MxA1lpzJoI8sqoe4zIF,"""maxar_premium"""
-MxA1sR1FW7n2HNC8_X3,"""maxar_premium"""
-MuQlTe_iD40_6SA53w0,"""maxar_premium"""
-M72NbcgPZoPEyrMOH0r,"""bing"""
-MMQnVc0iRtGHRT1wC2k,"""maxar_premium"""
-M7nTfwx4wO13JQsYqNE,"""maxar_premium"""
-MuWIsQOvY9f_13LpeHC,"""maxar_premium"""
-MuW-n36rOHT_MXAEK2v,"""maxar_premium"""
-M6oI-KFvp3EvinoJA6e,"""bing"""
-M72KWRcR1hZcZmwWdOK,"""bing"""
-MYpHKUJ-W5h2i619LJ8,"""bing"""
-MYpHiUmIjh8Q8DMmPYC,"""bing"""
-MYpHr24MKSelD4JoAhH,"""bing"""
-MY6ZBgi_UMtWiqX7_hT,"""maxar_premium"""
-MxZ4VMCJbsp_KcP8T85,"""maxar_premium"""
-MxZ4RzVlyJRSu2QThVJ,"""maxar_premium"""
-NA9ZZe6K6Gs17L5MPnh,"""maxar_premium"""
-MPhofX-zEWmTw2ec-KI,"""maxar_premium"""
-MA1i36iFN6W_uxy1g5h,"""maxar_premium"""
-OKfgTS3jzX4rSIvwiSG,"""bing"""
-MxAnVlFaZRuajTY0WO2,"""maxar_premium"""
-MA1i92lz4PUAtpLYMXo,"""maxar_premium"""
-MAzmhVA7_k5tapFfA3F,"""maxar_premium"""
-MuQkQPIkFhoTiJuXIEB,"""maxar_premium"""
-MRSa9FxVwu9tUwl4xb6,"""custom"""
-MYpIAZr75rZzfYws-Xv,"""bing"""
-NAtPY574NB6IZBkxggR,"""maxar_premium"""
-MS3-Wan9VDLbmAiLQOi,"""custom"""
-Mr29M7hjlZX0SZzsfTQ,"""maxar_premium"""
-Mr2FIiOIqO7rmThIqy4,"""maxar_premium"""
-MTlJC_KNV_dQwdUg8xH,"""custom"""
-MTp4K1fX7WcrIXcu2-E,"""custom"""
-MxZ4zccLoszzL-HH1sN,"""maxar_premium"""
-NAtPkit2henC6qXp7yw,"""maxar_premium"""
-MxZ59ByjaGHItzzHIIE,"""maxar_premium"""
-MxZ5_AUHfzX7tGd2SDA,"""maxar_premium"""
-MZ3dLB3WiEyKY0gqIEQ,"""maxar_premium"""
-MXDNEaSSNX57f9B0OyG,"""maxar_premium"""
-MYohpgLVyIB8LlON1Ye,"""maxar_premium"""
-N0pV2DS8XAtmOU6Ei3J,"""maxar_premium"""
-N7ouuo--lAOoY0P0VOJ,"""maxar_premium"""
-MxZ548Rp8WwVTsECh65,"""maxar_premium"""
-MuWQAtjG-5EOHvCwxsM,"""maxar_premium"""
-MuQlnygyLKF6SFh1eHx,"""maxar_premium"""
-NAnvDw8GUbTQvzFP_4M,"""custom"""
-My7CqZNSnnp0Rxe82lt,"""maxar_premium"""
-MxZ5KqgKi41f_3sgXRS,"""maxar_premium"""
-MxZ5Gnz-BKhPIpBORPw,"""maxar_premium"""
-MxZ5UtXMU6dJaNuMt2J,"""maxar_premium"""
-MxA1Spoj6yNSKQ4C4EE,"""maxar_premium"""
-MxZ5ehzEZCbYOdMtoUe,"""maxar_premium"""
-Mx1EYoYRWMpdXez_lwY,"""maxar_premium"""
-MqP8ZPq9crqxqqrGHJR,"""maxar_premium"""
-MySRaDMKymz2aV3IZy7,"""maxar_premium"""
-MxZ5Cl_yrwbWmEtbS4F,"""maxar_premium"""
-MuWQeFIO_51W9_WsPTP,"""maxar_premium"""
-MuWQTwpu069BDuTp0jl,"""maxar_premium"""
-NAOJ8dul3zsQ5pjpkH6,"""maxar_premium"""
-MxZ5k-denm0X-or8iSW,"""maxar_premium"""
-My6zvJx3b0XnAECFqeV,"""maxar_premium"""
-My6ydETiQxiEEBWDp-_,"""maxar_premium"""
-MxQnyHSavJ9VSVQwFjq,"""custom"""
-My6yo-E8ClBTrYkyg3W,"""maxar_premium"""
-MwQeDkXqAJF0R36OD7v,"""maxar_premium"""
-MxZ3NyWlWMLdQSalijP,"""maxar_premium"""
-MzErk5tdEa4SaZlI096,"""maxar_premium"""
-MzErxEIOR9pPuQPiqML,"""maxar_premium"""
-MxZ3oOYdW5DlGCqS7Fb,"""maxar_premium"""
-N0pV5PnZ4HQSN5feMnk,"""maxar_premium"""
-N6P3045gzaBiX3zbmtO,"""bing"""
-MxZ3jJ6WqBgRS4cQJcL,"""maxar_premium"""
-N0pV8CeVYt4CwmqWRq4,"""maxar_premium"""
-N0pVB3JHGbcttNhYej3,"""maxar_premium"""
-NAOJFqsyBw0EgJZRzUv,"""maxar_premium"""
-N01y8krH7ewqrEBdiOI,"""bing"""
-My6z2HohDu_MMf-2aA4,"""maxar_premium"""
-My6z7ekdYS70CU01ix5,"""maxar_premium"""
-N0b64nUkoZYJW1heMXz,"""bing"""
-N7ytbUyW_F4KVetLRWX,"""maxar_premium"""
-MxA2BmFo1pbAeUErzyZ,"""maxar_premium"""
-MzEb2EVA2uHOh8qdx-o,"""maxar_premium"""
-MzEru6LDYtYnNql83xQ,"""maxar_premium"""
-MxZ6H9KGH2PCUATWdSk,"""maxar_premium"""
-My7-3sLSaq2JWdgFYtp,"""maxar_premium"""
-N18euWrRFVrZVj-pNVT,"""custom"""
-MuW0Oks5Mf9ceHPng89,"""maxar_premium"""
-MxZ2O78JQHnMHZvJR7N,"""maxar_premium"""
-MxZ5y1dYOSufEAPN_9G,"""maxar_premium"""
-MxA1yQSFwXabaKUfDQz,"""maxar_premium"""
-MxZ6CrB_0ZMcGzF4_2r,"""maxar_premium"""
-My7--IgghZ_k8fh5pGZ,"""maxar_premium"""
-MxA2WS_u4C8jU-J98GD,"""maxar_premium"""
-Mr2FYOMahpqIyjeBfYc,"""maxar_premium"""
-Mr2Fc6cU7Pkx9eTs64o,"""maxar_premium"""
-Mr2FiShPgV9tXGlgzPR,"""maxar_premium"""
-MzErzzgxttM3MZD_01z,"""maxar_premium"""
-N1Nw74Bwye5dWbYRwIN,"""custom"""
-MzyOWLo-VdMwAE6GLBF,"""maxar_premium"""
-N0jxHI61_IQ1mxTsBxR,"""maxar_premium"""
-My6zKokXpUu6BT7CaVe,"""maxar_premium"""
-MxA2HFOy2zCKPcORcfl,"""maxar_premium"""
-Mul7wMClQZa_jaKAdcb,"""maxar_premium"""
-MxZ5tO3UgKOhSbyX_4L,"""maxar_premium"""
-MxZ68rfPK8rhsv07YJL,"""maxar_premium"""
-OKfgutPUzI7yZXNUKUR,"""bing"""
-MxA2Ld6JdbVVQcV1ZMf,"""maxar_premium"""
-MzEb4zFHj9qIETvo6mT,"""maxar_premium"""
-MxA2SdiB4DTRS6N9S0O,"""maxar_premium"""
-MuQkfgM85HPY2cIF5eX,"""maxar_premium"""
-MxZ2mHbFP_9aaDJxP0D,"""maxar_premium"""
-N1x9KZc-fhojYfbppPS,"""custom"""
-OAyam2MpKBM9QOBGYL3,"""bing"""
-My6zie7dKPTGTvOwC7E,"""maxar_premium"""
-My7CzDWCjJG0p-FuF5v,"""maxar_premium"""
-MxZ639froz5p-6nZAzg,"""maxar_premium"""
-MxZ6LBGPPnCogcJ-zTx,"""maxar_premium"""
-MzEab_DFywAiD1EO1gt,"""maxar_premium"""
-My6zrPIS0Lzudiu8XOd,"""maxar_premium"""
-My7-FnTW-rlT5LKcquW,"""maxar_premium"""
-MxZ6SnX1TO5F5F4s1Vo,"""maxar_premium"""
-N1xAQdAgqtdmYuk7HoT,"""custom"""
-MzMQbpl8xF-cT0yE0H5,"""esri"""
-My6znT1cAnrNpiq08zT,"""maxar_premium"""
-N1xzyea6HYzRuK5NKdO,"""custom"""
-MzErrGiKKJyhkdGV3q_,"""maxar_premium"""
-My7-ALPAZlmFN1pJwsy,"""maxar_premium"""
-My7-L4pzICO1Fj2DcSI,"""maxar_premium"""
-MzEsAjX0wTH3ptFP2F8,"""maxar_premium"""
-N1OYAJdY9TA3im_oaJ7,"""maxar_premium"""
-N1xzYyINXUgy8d5SThr,"""custom"""
-My7-dK8e30MyJoi5aAg,"""maxar_premium"""
-MzEakxmRFAsIzoKO6Cc,"""maxar_premium"""
-My7-uuIDjT2qdx0JlGP,"""maxar_premium"""
-MyRfTB7MxcTMSmr30rR,"""maxar_premium"""
-N2Rz0puWSnCOMQPEh_v,"""bing"""
-MyRfPJNAShAj653HIz0,"""maxar_premium"""
-Myh-5BekgKSboi0JeGa,"""maxar_premium"""
-Myh-G_MZ109P6R2kN-1,"""maxar_premium"""
-Myh-D6gtx41bJUpVYUq,"""maxar_premium"""
-Myh-iVJFnPWeWoBX-vc,"""maxar_premium"""
-Myh3g7HxTPxamksLTKH,"""maxar_premium"""
-MygXFH0IFH4dbe7ezXv,"""maxar_premium"""
-MyRfb29tl1iPngL5e4V,"""maxar_premium"""
-MzyOZgRHw_KLNWuZKgO,"""maxar_premium"""
-Myh4Efv0nx9o-X8AJO5,"""maxar_premium"""
-Myh3pP6bZfz7hMV5VYY,"""maxar_premium"""
-Myh3kwy59tZxc4o2ohz,"""maxar_premium"""
-Myiz41plx7m5ya_JlCf,"""bing"""
-MyhL2MgDCmXEo8DkCiQ,"""maxar_premium"""
-Myh4AdckaTEVqaw6zbR,"""maxar_premium"""
-Myh3xY_fwnAAStojBR0,"""maxar_premium"""
-My708tO1subA0rO__1D,"""maxar_premium"""
-My70Cu1arz7jrL3iG4d,"""maxar_premium"""
-My70Okg2RSyQ2iXIXRw,"""maxar_premium"""
-Myh38_-105lSY0pgFby,"""maxar_premium"""
-Myh3MYHMxB_D6zam3Fv,"""maxar_premium"""
-MywFZd46wIN6h14CIaN,"""maxar_premium"""
-MywFWCk7ehs89Zyf--v,"""maxar_premium"""
-Myh47P9mMdF3tnJVhVK,"""maxar_premium"""
-MywFboJy03RPGB56lXt,"""maxar_premium"""
-My704kFGbl-CnJrelH6,"""maxar_premium"""
-MyRenbsq34egT9BbFfZ,"""maxar_premium"""
-MyRevt2fEx9-cJt4bXQ,"""maxar_premium"""
-MyRgWKOWbf2gmG5VMA5,"""maxar_premium"""
-MyRfohtPOfk2wMNIqxo,"""maxar_premium"""
-MywFqQTM2cQPKk68IXr,"""maxar_premium"""
-MywFScHINq8NksfiUGQ,"""maxar_premium"""
-MywG6vYCyPk3044B2kn,"""maxar_premium"""
-MywGA6_90g6mpbnyqr7,"""maxar_premium"""
-MywFxbaXsaJ75C21m3G,"""maxar_premium"""
-MywG0AjCk7xsngNN0hf,"""maxar_premium"""
-MywG3ZXIv8QCUZA4n7k,"""maxar_premium"""
-Mywj0WSyh3jOD9zCTi2,"""maxar_premium"""
-Mygzqcr_oAIoS7qx0vL,"""maxar_premium"""
-MyRezJP_MmZ4GeLrfOr,"""maxar_premium"""
-MyRgCrzTZlVnYJ1jQ3O,"""maxar_premium"""
-OYettxwxpmIW2enqlVg,"""esri"""
-MywFtubT6ChAhoGrxz7,"""maxar_premium"""
-MywkjWHSuhvyfJ5Ipd_,"""maxar_premium"""
-MyRgLi8E-ed11emIHjk,"""maxar_premium"""
-MyRg4Dofa2UHl4I_WLO,"""maxar_premium"""
-MuW_Uwg9vL5V9Gg5kwx,"""maxar_premium"""
-MyHxnqRUnxW71eGLs1t,"""esri"""
-Myj30YKB4H3uUKBkzbq,"""bing"""
-MzEb8HZmY7R4KE5927s,"""maxar_premium"""
-Mywjaoy6V6o8IxqmeYv,"""maxar_premium"""
-MywjdytZEp6aeFWoWj4,"""maxar_premium"""
-MywjLq9D_hDvOMW9pgz,"""maxar_premium"""
-MySQizYMRkKN-rn4wKC,"""maxar_premium"""
-N0b49yCX4V8MBVktKtQ,"""bing"""
-MzEaZOTPSNtgiofRNiS,"""maxar_premium"""
-MySQamIu0hbqF-UR3IJ,"""maxar_premium"""
-MyRgsdMpqag7xaXO9qZ,"""maxar_premium"""
-OYexnehsNhlvNSD2yLU,"""esri"""
-MywkwSPcxGLDIxQBMMS,"""maxar_premium"""
-MywjOzPuDCMNAu7US7J,"""maxar_premium"""
-MywjV5Fium08fkMTrI3,"""maxar_premium"""
-MywkpUnpWcAyhvkHpHF,"""maxar_premium"""
-MywlKlqyUjfiyqMsBk4,"""maxar_premium"""
-MySQvZR3iqCxkiBlepn,"""maxar_premium"""
-MywkzNPnOqxiJTDOpmi,"""maxar_premium"""
-Mywl24VnRysD72BzwsJ,"""maxar_premium"""
-MzEaWK-jiCWpLS_NWza,"""maxar_premium"""
-MzEaOs6m4DQQAkJ6O3r,"""maxar_premium"""
-MzEaSs-xLIMkwd54t-f,"""maxar_premium"""
-MySRXEK3GUCafIoO9Af,"""maxar_premium"""
-Mywl8b2xV-L7ZqvgTWl,"""maxar_premium"""
-MywlHyRF2aaCWvESIuU,"""maxar_premium"""
-MyqhHsmKI4yslxt35hn,"""esri"""
-MySRTC835p8r97evzwQ,"""maxar_premium"""
-OYh4ouvFeA9trGvfhi7,"""esri"""
-MySRe4XZFb8NskYJ-fJ,"""maxar_premium"""
-MySRltDiiDrfN5WU1yX,"""maxar_premium"""
-MySRhdpgc9ZPMhwta_v,"""maxar_premium"""
-N7DRmobA7IHj1195_5C,"""custom"""
-MySRp5hTmo5F0L7nZ5k,"""maxar_premium"""
-MyRfASEkyJ2sV4_bZmx,"""maxar_premium"""
-MyRf6Z6eWwCWyaDbMd4,"""maxar_premium"""
-N7DSrWPOdWwJpyv5guU,"""custom"""
-MySQrR5i2NYUf2vGr74,"""maxar_premium"""
-MyRg9FDwu4xOOYqWr9Y,"""maxar_premium"""
-MzEao7Lx34sJ3JRQOU6,"""maxar_premium"""
-N56R58PK0qitgDz_9hh,"""bing"""
-MyReiLbXgO6URRlPfyI,"""maxar_premium"""
-MyRg0eoLcWPNgDFNUWS,"""maxar_premium"""
-MyRer3_M05BXEZFhAha,"""maxar_premium"""
-MywlVCY9-95B-4B5PwI,"""maxar_premium"""
-MyRf2dkNmGsHc6aRgkz,"""maxar_premium"""
-MyRfEABKUcmXbvun9ze,"""maxar_premium"""
-N4lWJwzxSjo7h7iS9eK,"""maxar_premium"""
-MyRgGVAMjaI06tWh__c,"""maxar_premium"""
-MyRgSavxWy-ZBsLhWQg,"""maxar_premium"""
-MywlbGZxWiLtPNj5oT5,"""maxar_premium"""
-MySR1eXxgrBsw5F8mKm,"""maxar_premium"""
-MyRfY5zdqJaryO24ak5,"""maxar_premium"""
-MzEauIlq5lbs-F-PF7x,"""maxar_premium"""
-NAtRt8B99CmTn9H0oKO,"""bing"""
-MyRfjSYNWo-hduqhfkU,"""maxar_premium"""
-N7oplxwv0u1CLUR_dwr,"""maxar_premium"""
-N7ytjWnWKKjFv4imzAU,"""maxar_premium"""
-MyRgZoEWLXzc3BjcKSe,"""maxar_premium"""
-MywjykGzuU8SGWhiBh7,"""maxar_premium"""
-MywjryJAlu749GRt_I3,"""maxar_premium"""
-MyRfHnsHFgMSVhMj8fC,"""maxar_premium"""
-MySQz8sFi-Xdjje_XhR,"""maxar_premium"""
-OYh87ePgmYLcsVBltdz,"""esri"""
-MyRfflhdFoGSj7sfcvx,"""maxar_premium"""
-MywkQa_-Dj7CfS9HPIi,"""maxar_premium"""
-MywkAogw01YguqfIY8w,"""maxar_premium"""
-MywkftPhMTRwFVNkFE7,"""maxar_premium"""
-MywkE-D09Rg3KKAv5zy,"""maxar_premium"""
-MyRgP0K99XGp2Caz5kd,"""maxar_premium"""
-MyRfKzK-jS4rwfbnbrI,"""maxar_premium"""
-OB-sanl2z131r9MO9jW,"""bing"""
-MyRgjCY-5SQlNRn1spy,"""maxar_premium"""
-MzEbB2d-Zj14jo_-lTH,"""maxar_premium"""
-MzyObK93epfu4BYGMEy,"""maxar_premium"""
-NBNHa54xG-VSgr9Tvye,"""maxar_premium"""
-OYjproBbBQblI7YfCJo,"""esri"""
-OASfSnDC6MPAYOQ0pe5,"""esri"""
-NCoXHmj5SqcBKqv0eMP,"""maxar_premium"""
-NCorItlWizBlnugZyvy,"""maxar_premium"""
-N2RucZu1TjB5uo3iJoW,"""bing"""
-OYjqBiJeQD8Vt2IQ6k-,"""esri"""
-Mywk_WjXKJsg9sGWF7L,"""maxar_premium"""
-MzyOgewieGaCVabzns3,"""maxar_premium"""
-N7DTw5M2VombEAjcdq4,"""custom"""
-ORjbYBF-j1bRjKjkOuo,"""esri"""
-MzyOqZw5rb8I2zjyjky,"""maxar_premium"""
-MzyOe5kt_JggbHBTsDc,"""maxar_premium"""
-N7D_5tiYoDkDmPXYN7X,"""custom"""
-Mywk4SUeJ9-VyxlMzPv,"""maxar_premium"""
-MzEahw4sTmlPw5eF88Z,"""maxar_premium"""
-N7DardH85b6noTY3t0A,"""custom"""
-N5oT7FlU9TrVJxBMMPS,"""maxar_premium"""
-ORXn8CRw4npROWE9BJg,"""esri"""
-N7FXrfmdGcWB1aVoVXX,"""custom"""
-N6CP8HotA3LciriHT-S,"""maxar_premium"""
-ORXnVTcaWHRUXJo3Iz7,"""bing"""
-MzK9bYygAM-iINJ9e_7,"""maxar_premium"""
-MzyOiy15vOoe7x5HwiY,"""maxar_premium"""
-N7yu6-qQy7jcy8HX2vq,"""maxar_premium"""
-NAEHoUwdBuM3bNoFo-8,"""maxar_premium"""
-Nz04dm7x8kG_JlW9Vge,"""esri"""
-OBA5buSlp1okCSuPA5c,"""esri"""
-NAu1i6GlEk3k1vhua3R,"""maxar_premium"""
-O-p5F3ITw6im_-w9tCJ,"""esri"""
-MzyOtdxlqvge-zdM-AA,"""maxar_premium"""
-MzyOw1ucgLE5ZV26El5,"""maxar_premium"""
-NCSDHrkxHgE6Yd9-piY,"""bing"""
-NAtPeamU9ymWzS-Wx1V,"""maxar_premium"""
-NC_dukl5zDH5ZUQ3eGd,"""bing"""
-O8ku1V2TeUPkseTKZwt,"""bing"""
-NDcmxD7b7temQ9JA81f,"""custom"""
-NEefdXl-qt-TFqte042,"""maxar_premium"""
-NDcogvqMtI83C8Lz5XX,"""bing"""
-NC-DfS8Rff3ZMXQ36Io,"""maxar_premium"""
-NFNqqMf1_Cd5jjdAxcX,"""maxar_premium"""
-NF97VoFygiq4mcjLpM6,"""maxar_premium"""
-NFNqeu6lxjAAn2RGIow,"""maxar_premium"""
-NDcpah3-OjIk32qCf0m,"""bing"""
-Myqil9aiaaATmFoxL8_,"""bing"""
-NEaU7GXxWRqKaFUYp_2,"""bing"""
-OU_NTDr0SBD1IkHSEKn,"""esri"""
-NC62rk9vgdthGO9qV4K,"""maxar_premium"""
-NEaR6DbJAbkpYJ_BDCH,"""bing"""
-NCopd5BTXS_lybYocWF,"""maxar_premium"""
-ORv8-nHSZsiLWnj0TsT,"""bing"""
-NAtQ5WiPiHLeDmWXzyb,"""maxar_premium"""
-NCoU8Cchp61u-0CHfNB,"""maxar_premium"""
-NAtQA1rB0bwfxc4Rwv9,"""maxar_premium"""
-Mm91z_kfAc524ix_om2,"""maxar_premium"""
-NE57yTnPUi_tR-Be8XB,"""maxar_premium"""
-NFNr1ga2uSvgkHxWAu_,"""maxar_premium"""
-OB4tkMk_xhg0w7tjjx_,"""esri"""
-NFx1-XIxP8hdA_bVIYe,"""maxar_premium"""
-OGZK025k_XM1fY45umI,"""bing"""
-OU_FmLLw0osC5vewdWb,"""esri"""
-OISFwbr_oxYAC8ZD4ux,"""bing"""
-OHDcWspVnePCNYE02Kw,"""bing"""
-ORyrTce49GuEJADqM6B,"""bing"""
-OD75fVAmEusTc2_slPo,"""bing"""
-OKkJNCncJz0jUWZHkAe,"""esri"""
-ORyrt3jA6SUBXKNhlFG,"""bing"""
-OYl_M0RgPf6jcAhmLdO,"""esri"""
-OYleCQMjQT03XyG9hQR,"""esri"""
-OMHOPbEFMUYNHpbk_5-,"""bing"""
-OZcUnhlzVTxeJH_PT5H,"""bing"""
-OIRNb3FIImmqYW43eOC,"""bing"""
-OLmllphwY-1UAP1gud7,"""bing"""
-OKW3sBKIkEwT-ujwEq8,"""bing"""
-OZcWplmYkg5ct9Djaut,"""bing"""
-OMqZ4upUYsA8FNUBdp2,"""bing"""
-OZcXGBHAFDERFXAc2aq,"""bing"""
-OZcXeKtMk4yyHg3Zu_1,"""bing"""
-OMqZWMZre1P0C3wWeET,"""bing"""
-OZcXwOTf9yD-EKSOIXq,"""bing"""
-OZcYVhr6btjzwbJfMrK,"""bing"""
-OQlF1UVlvIcT2BVfbxS,"""esri"""
-OZcYraTftQIlXpsv9wT,"""bing"""
-OZcZD9mYoMbkHtYI1o3,"""bing"""
-OZcZ_Q5r0k7TIG9NWcn,"""bing"""
-OZcZvOXbATQYG0lkXh1,"""bing"""
-ORjPNbboAjeHbFxxB9K,"""esri"""
-ORjPkBzqqEPZFIvtpWI,"""esri"""
-ORjQ7onetUiaLoH-Fhf,"""esri"""
-OZc_ZewPnVcPuE1gWi5,"""bing"""
-OZc_uR-ZrhS1cSy-bZf,"""bing"""
-OZcaDgsFo2NK0rd-o0A,"""bing"""
-ORG8AQ0fUvzmy_l1xPX,"""esri"""
-OZcaUctR05h0kbx6z6d,"""bing"""
-OZcbWl993qaQU13HJPl,"""bing"""
-ORGHZ_TV2hwN90PPbxV,"""esri"""
-OSZF8eCQYVLQNPBqBrb,"""esri"""
-OSZEjZDCKJ4PgX1IQKK,"""esri"""
-ORytdOt_8MyyhLfad4w,"""bing"""
-ORyuJxeJKhAk2zcsd6t,"""bing"""
-ORyqYY6yhUAwWeCTrl4,"""bing"""
-OVDurxaNlkkmreV2dOF,"""bing"""
-OZcbrMaWRb9NK90ji1Z,"""bing"""
-OVK7FqT0IVeufbn-vli,"""esri"""
-OTC8dyQObIQAiGA3Xs0,"""esri"""
-OYh5KVaqwDiZzbr67KQ,"""esri"""
-OZcc8YQlQctECIYDk93,"""bing"""
-OT1pyFOQtWeq_v1eli_,"""esri"""
-OZccU3iI_ITvWSuyZhE,"""bing"""
-OZciZt39W4RkSOE1aa2,"""bing"""
-OSZCOGNLP8tS2Zxs3fE,"""bing"""
-OTfJNY0TKQRqXZyK6Ty,"""esri"""
-OZd4rxjnnDn53YqUk8B,"""bing"""
-OKW4WFY1mowYYOF7Adx,"""bing"""
-OKW5eyqLdbuZMwYydOD,"""bing"""
-OZd66p_QkRJNYEemfpe,"""bing"""
-OSrVBA23nidXmEBaWpb,"""esri"""
-OU_EmA_Apn70Rt6q5Qh,"""esri"""
-OEK-oskpmMAZCmj5n1J,"""esri"""
-OXTEw-iRG-8O-OKX2Yv,"""esri"""
-OXTGZz66H4WAlXIWdtY,"""esri"""
-OZd7GfUeRoIHwbxDC1D,"""bing"""
-OT3G1CEQV4Mikx83-ZY,"""esri"""
-OZd7XPeGXgAqnCXRSD7,"""bing"""
-OT7BOliezXfpVK7-zjb,"""esri"""
-OXTHMwXOc7RrDLOPfH6,"""esri"""
-OZd7xP8GRy03Db1OdiF,"""bing"""
-OZd8GGn1bI5V5R7uAYn,"""bing"""
-OVDwMxUkgBfCvS51ktI,"""esri"""
-OZd8_L7lAUGE7TgjM8g,"""bing"""
-OKW6sql1kCdejlzjUvb,"""bing"""
-OUs73cEj7CZRdqu4183,"""custom"""
-OZdhn4Q0y0V-QkRk1ez,"""esri"""
-OT7DPgWBnUOsS8NzIw5,"""esri"""
-OYeULOUhjlqGUgRy1zq,"""esri"""
-OT7F86qWoDLCTc4YApZ,"""esri"""
-OY7bS8FGIi1zxVnYhFI,"""bing"""
-OYeWIm3qAjKQjZCVqnU,"""esri"""
-OYeWnRO6eimP-ryV4Kn,"""esri"""
-OVK7rfWzjHjI8e6T_oH,"""esri"""
-OVDuS0zG0VfrI-eqmMx,"""esri"""
-OT7DfnGjWa6NxOs2AXM,"""esri"""
-OYe_JyADaHA1ysvFMP-,"""esri"""
-OT7EHd_U3zCbNAsAq8l,"""esri"""
-OZgZvZtLHCP2LtZU5rF,"""esri"""
-OZg_x2p_W7z8-k-1v-e,"""esri"""
-OZgq9CWNUv-NWMndksH,"""esri"""
-OT6yw5muop4ZkiIy2si,"""esri"""
-OYtFf0-E2JytrnT7rgd,"""esri_beta"""
-OT6zxiv5mcNrR51tdFG,"""esri"""
-OY78vZVs40WY02oWmHj,"""esri"""
-OKWA8KB81ja_e4wpz_r,"""bing"""
-OX37pfS5kx724DF1zjU,"""bing"""
-OT6zNcMmqGlVJCkjbZF,"""esri"""
-OX3ANIygK_NEeB-ogqY,"""bing"""
-OZhzx7g79_dtAXOGm6H,"""esri"""
-OTfJccAfazKLdA4kqjA,"""esri"""
-OZPTarfjZ6VKqdM5e_d,"""bing"""
-OVDvG9_ElMiGbzDU0Aj,"""esri"""
-OKW2mx64KBypW0CF3QM,"""bing"""
-OTfJvEiaeN_CGdSD_1o,"""esri"""
-OVDwmbJcqgICKE5k-BE,"""esri"""
-OVDx0Coax2dG01a_ynm,"""esri"""
